Date	Index Level
04/01/1999	13.0825
05/01/1999	13.1875
06/01/1999	12.4961
07/01/1999	12.5146
08/01/1999	12.2119
11/01/1999	12.4765
12/01/1999	12.0212
13/01/1999	12.4359
14/01/1999	12.4354
15/01/1999	12.4247
19/01/1999	12.0203
20/01/1999	11.7426
21/01/1999	11.6557
22/01/1999	11.3382
25/01/1999	11.0716
26/01/1999	10.8226
27/01/1999	10.8309
28/01/1999	11.0172
29/01/1999	10.841
01/02/1999	10.8195
02/02/1999	11.2374
03/02/1999	11.1028
04/02/1999	11.0963
05/02/1999	11.1235
08/02/1999	11.0115
09/02/1999	10.8708
10/02/1999	10.8881
11/02/1999	10.9515
12/02/1999	10.9963
16/02/1999	11.1427
17/02/1999	11.1752
18/02/1999	11.3503
19/02/1999	11.445
22/02/1999	11.5112
23/02/1999	11.3898
24/02/1999	11.45
25/02/1999	11.5005
26/02/1999	11.6025
01/03/1999	11.5703
02/03/1999	11.5837
03/03/1999	11.527
04/03/1999	11.6931
05/03/1999	11.6531
08/03/1999	11.4348
09/03/1999	11.4149
10/03/1999	11.3695
11/03/1999	11.4674
12/03/1999	11.4355
15/03/1999	11.3804
16/03/1999	11.6412
17/03/1999	11.5278
18/03/1999	11.459
19/03/1999	11.4442
22/03/1999	11.3409
23/03/1999	11.0857
24/03/1999	11.1475
25/03/1999	11.2447
26/03/1999	11.1184
29/03/1999	11.3234
30/03/1999	11.2522
31/03/1999	11.2383
01/04/1999	11.0071
06/04/1999	10.7804
07/04/1999	10.3431
08/04/1999	10.3215
09/04/1999	10.2039
12/04/1999	10.3587
13/04/1999	10.1966
14/04/1999	10.4031
15/04/1999	9.9276
16/04/1999	10.0893
19/04/1999	10.1391
20/04/1999	10.045
21/04/1999	10.199
22/04/1999	10.1024
23/04/1999	9.9032
26/04/1999	9.8312
27/04/1999	9.5224
28/04/1999	9.5564
29/04/1999	9.5837
30/04/1999	9.4887
04/05/1999	11.0052
05/05/1999	9.6088
06/05/1999	9.717
07/05/1999	9.4553
10/05/1999	9.4188
11/05/1999	9.2317
12/05/1999	9.2087
13/05/1999	9.4227
14/05/1999	9.4699
17/05/1999	9.5363
18/05/1999	9.5931
19/05/1999	9.5735
20/05/1999	9.5957
21/05/1999	9.3266
24/05/1999	9.1012
25/05/1999	9.3842
26/05/1999	9.3069
27/05/1999	9.4063
28/05/1999	9.4807
01/06/1999	9.6142
02/06/1999	9.7129
03/06/1999	9.7019
04/06/1999	9.6001
07/06/1999	9.753
08/06/1999	9.8564
09/06/1999	10.0777
10/06/1999	10.0049
11/06/1999	9.8473
14/06/1999	9.7915
15/06/1999	9.4522
16/06/1999	9.4284
17/06/1999	9.4822
18/06/1999	9.3787
21/06/1999	9.3049
22/06/1999	9.3753
23/06/1999	9.3934
24/06/1999	9.2896
25/06/1999	9.2278
28/06/1999	9.3357
29/06/1999	9.2875
30/06/1999	9.3714
01/07/1999	9.2668
02/07/1999	9.3066
06/07/1999	9.2915
07/07/1999	9.0597
08/07/1999	9.206
09/07/1999	9.2663
12/07/1999	9.1482
13/07/1999	9.2662
14/07/1999	9.3161
15/07/1999	9.5024
16/07/1999	9.4394
19/07/1999	9.5511
20/07/1999	9.8275
21/07/1999	9.9863
22/07/1999	10.0823
23/07/1999	10.3845
26/07/1999	10.2256
27/07/1999	10.3356
28/07/1999	10.2248
29/07/1999	10.3106
30/07/1999	10.6203
02/08/1999	10.6438
03/08/1999	10.399
04/08/1999	10.4172
05/08/1999	10.6904
06/08/1999	10.5483
09/08/1999	10.2688
10/08/1999	10.2335
11/08/1999	10.2234
12/08/1999	10.143
13/08/1999	9.8979
16/08/1999	9.9309
17/08/1999	9.9862
18/08/1999	10.5875
19/08/1999	10.5956
20/08/1999	10.5786
23/08/1999	10.5652
24/08/1999	10.5684
25/08/1999	10.6157
26/08/1999	10.353
27/08/1999	10.1727
31/08/1999	10.2219
01/09/1999	10.5118
02/09/1999	10.7004
03/09/1999	10.615
07/09/1999	10.3949
08/09/1999	10.4172
09/09/1999	10.5515
10/09/1999	10.5218
13/09/1999	10.7987
14/09/1999	11.1215
15/09/1999	11.6989
16/09/1999	12.3942
17/09/1999	11.9611
20/09/1999	12.036
21/09/1999	12.5825
22/09/1999	12.4985
23/09/1999	12.3993
24/09/1999	12.4319
27/09/1999	11.3469
28/09/1999	11.3081
29/09/1999	11.3514
30/09/1999	11.8871
01/10/1999	11.9703
04/10/1999	11.8725
05/10/1999	11.3674
06/10/1999	11.2091
07/10/1999	10.6913
08/10/1999	10.5263
12/10/1999	10.9145
13/10/1999	11.0018
14/10/1999	10.8297
15/10/1999	11.0828
18/10/1999	11.2342
19/10/1999	11.0862
20/10/1999	10.8466
21/10/1999	10.6544
22/10/1999	10.8185
25/10/1999	10.826
26/10/1999	10.9882
27/10/1999	11.2289
28/10/1999	11.119
29/10/1999	11.0723
01/11/1999	11.0372
02/11/1999	10.9861
03/11/1999	11.0178
04/11/1999	11.0069
05/11/1999	10.7413
08/11/1999	10.657
09/11/1999	10.7125
10/11/1999	10.569
12/11/1999	9.7469
15/11/1999	9.7883
16/11/1999	9.8187
17/11/1999	9.7194
18/11/1999	9.7276
19/11/1999	9.2955
22/11/1999	9.3782
23/11/1999	9.4596
24/11/1999	9.8265
26/11/1999	10.9517
29/11/1999	11.5414
30/11/1999	11.669
01/12/1999	11.4431
02/12/1999	11.5374
03/12/1999	11.6181
06/12/1999	11.5734
07/12/1999	11.2548
08/12/1999	11.3446
09/12/1999	11.2734
10/12/1999	11.5448
13/12/1999	11.1434
14/12/1999	11.2999
15/12/1999	11.1664
16/12/1999	11.3417
17/12/1999	11.0982
20/12/1999	11.1325
21/12/1999	11.1922
22/12/1999	11.2916
23/12/1999	11.2842
24/12/1999	11.2775
29/12/1999	11.1334
30/12/1999	11.3395
04/01/2000	11.2759
05/01/2000	11.0383
06/01/2000	11.0787
07/01/2000	10.8415
10/01/2000	10.6474
11/01/2000	10.5546
12/01/2000	10.5171
13/01/2000	10.3858
14/01/2000	10.2509
18/01/2000	10.393
19/01/2000	10.4015
20/01/2000	10.3372
21/01/2000	10.4264
24/01/2000	10.2701
25/01/2000	10.1683
26/01/2000	10.1228
27/01/2000	10.2538
28/01/2000	10.5539
31/01/2000	11.1238
01/02/2000	11.1999
02/02/2000	11.2325
03/02/2000	11.1587
04/02/2000	11.1649
07/02/2000	11.2874
08/02/2000	11.238
09/02/2000	11.3943
10/02/2000	11.1967
11/02/2000	11.0076
14/02/2000	11.145
15/02/2000	11.035
16/02/2000	11.0966
17/02/2000	11.2993
18/02/2000	11.1228
22/02/2000	11.1807
23/02/2000	11.0644
24/02/2000	11.105
25/02/2000	11.2467
28/02/2000	12.1743
29/02/2000	12.3114
01/03/2000	12.1914
02/03/2000	12.1628
03/03/2000	12.0803
06/03/2000	12.1671
07/03/2000	12.25
08/03/2000	12.0714
09/03/2000	11.9283
10/03/2000	11.6928
13/03/2000	11.9507
14/03/2000	11.9891
15/03/2000	11.9077
16/03/2000	12.06
17/03/2000	11.7438
20/03/2000	11.7432
21/03/2000	11.4011
22/03/2000	11.4715
23/03/2000	11.3359
24/03/2000	11.2759
27/03/2000	11.3141
28/03/2000	11.5562
29/03/2000	11.8932
30/03/2000	11.8258
31/03/2000	11.8661
03/04/2000	12.1446
04/04/2000	12.0024
05/04/2000	12.1886
06/04/2000	11.8976
07/04/2000	11.7497
10/04/2000	11.4416
11/04/2000	11.4731
12/04/2000	11.6984
13/04/2000	11.6404
14/04/2000	11.9216
17/04/2000	12.0566
18/04/2000	11.8756
19/04/2000	11.7874
20/04/2000	11.7593
25/04/2000	12.0632
26/04/2000	11.9967
27/04/2000	12.1627
28/04/2000	12.1471
02/05/2000	11.8622
03/05/2000	12.2645
04/05/2000	12.4457
05/05/2000	12.6806
08/05/2000	12.3822
09/05/2000	12.3389
10/05/2000	12.4918
11/05/2000	12.5557
12/05/2000	12.4101
15/05/2000	12.4262
16/05/2000	12.4528
17/05/2000	12.4882
18/05/2000	12.3441
19/05/2000	12.3901
22/05/2000	12.4878
23/05/2000	12.5427
24/05/2000	12.6322
25/05/2000	12.3865
26/05/2000	12.6781
30/05/2000	12.6558
31/05/2000	12.4533
01/06/2000	12.4301
02/06/2000	12.5066
05/06/2000	12.2573
06/06/2000	12.6331
07/06/2000	12.6028
08/06/2000	12.5745
09/06/2000	12.1355
12/06/2000	12.1876
13/06/2000	12.2254
14/06/2000	11.7643
15/06/2000	11.5207
16/06/2000	11.3852
19/06/2000	11.5377
20/06/2000	11.8841
21/06/2000	11.7253
22/06/2000	11.9687
23/06/2000	12.0611
26/06/2000	11.8585
27/06/2000	11.7625
28/06/2000	11.3618
29/06/2000	11.273
30/06/2000	11.2308
03/07/2000	11.1938
05/07/2000	11.115
06/07/2000	11.1065
07/07/2000	10.9686
10/07/2000	10.8285
11/07/2000	10.6494
12/07/2000	10.7421
13/07/2000	10.8354
14/07/2000	10.7308
17/07/2000	10.6132
18/07/2000	10.4929
19/07/2000	10.8663
20/07/2000	10.8158
21/07/2000	10.6972
24/07/2000	10.5573
25/07/2000	10.5782
26/07/2000	10.6385
27/07/2000	10.6244
28/07/2000	10.6841
31/07/2000	10.7933
01/08/2000	10.7559
02/08/2000	11.1053
03/08/2000	11.499
04/08/2000	11.5274
07/08/2000	11.2948
08/08/2000	11.4834
09/08/2000	11.6416
10/08/2000	11.3396
11/08/2000	11.0777
14/08/2000	11.0587
15/08/2000	11.061
16/08/2000	11.0467
17/08/2000	10.9692
18/08/2000	10.795
21/08/2000	11.0067
22/08/2000	11.2074
23/08/2000	11.5561
24/08/2000	11.231
25/08/2000	11.1018
29/08/2000	11.5043
30/08/2000	11.6122
31/08/2000	11.5859
01/09/2000	11.5569
05/09/2000	11.698
06/09/2000	12.1134
07/09/2000	12.5328
08/09/2000	12.5207
11/09/2000	12.6233
12/09/2000	12.508
13/09/2000	12.0494
14/09/2000	11.9953
15/09/2000	11.9695
18/09/2000	12.2914
19/09/2000	12.3101
20/09/2000	12.5463
21/09/2000	12.5045
22/09/2000	12.4374
25/09/2000	12.0717
26/09/2000	12.1526
27/09/2000	11.9328
28/09/2000	11.6548
29/09/2000	11.2935
02/10/2000	11.0715
03/10/2000	10.9483
04/10/2000	10.927
05/10/2000	10.7631
06/10/2000	10.7642
10/10/2000	10.9222
11/10/2000	11.0849
12/10/2000	11.6117
13/10/2000	11.6482
16/10/2000	11.7683
17/10/2000	12.0549
18/10/2000	12.5858
19/10/2000	12.7684
20/10/2000	12.2725
23/10/2000	12.4795
24/10/2000	12.44
25/10/2000	12.8339
26/10/2000	12.7968
27/10/2000	12.734
30/10/2000	12.5185
31/10/2000	12.3932
01/11/2000	12.4825
02/11/2000	12.3705
03/11/2000	12.4744
06/11/2000	12.5068
07/11/2000	12.5192
08/11/2000	12.4765
09/11/2000	12.5355
10/11/2000	12.2601
13/11/2000	12.139
14/11/2000	11.9988
15/11/2000	11.8503
16/11/2000	11.5743
17/11/2000	11.3833
20/11/2000	11.6824
21/11/2000	11.8316
22/11/2000	11.8757
24/11/2000	12.074
27/11/2000	11.9245
28/11/2000	11.8441
29/11/2000	11.7999
30/11/2000	11.8947
01/12/2000	12.11
04/12/2000	12.3247
05/12/2000	11.9779
06/12/2000	11.88
07/12/2000	11.9073
08/12/2000	11.8984
11/12/2000	11.9109
12/12/2000	11.9882
13/12/2000	12.1568
14/12/2000	12.1511
15/12/2000	12.0859
18/12/2000	12.0235
19/12/2000	11.8144
20/12/2000	12.0197
21/12/2000	12.1437
22/12/2000	12.2044
27/12/2000	12.3012
28/12/2000	12.2121
29/12/2000	12.1961
02/01/2001	12.3543
03/01/2001	12.2454
04/01/2001	12.2889
05/01/2001	12.3945
08/01/2001	12.3308
09/01/2001	11.8454
10/01/2001	11.8174
11/01/2001	12.0592
12/01/2001	12.1034
16/01/2001	12.1876
17/01/2001	12.3782
18/01/2001	12.4432
19/01/2001	12.2797
22/01/2001	12.3111
23/01/2001	12.2641
24/01/2001	12.3633
25/01/2001	12.3457
26/01/2001	12.1386
29/01/2001	12.0966
30/01/2001	12.0327
31/01/2001	12.0708
01/02/2001	12.0173
02/02/2001	11.9024
05/02/2001	11.8913
06/02/2001	11.6356
07/02/2001	11.3996
08/02/2001	11.6587
09/02/2001	11.6669
12/02/2001	11.6886
13/02/2001	11.5249
14/02/2001	11.4873
15/02/2001	11.7253
16/02/2001	11.6103
20/02/2001	11.7653
21/02/2001	11.8666
22/02/2001	11.9679
23/02/2001	11.8529
26/02/2001	11.8271
27/02/2001	11.6819
28/02/2001	11.7148
01/03/2001	11.5926
02/03/2001	11.8976
05/03/2001	11.9127
06/03/2001	11.6919
07/03/2001	11.8403
08/03/2001	11.7665
09/03/2001	11.6538
12/03/2001	11.642
13/03/2001	11.7683
14/03/2001	11.966
15/03/2001	12.2841
16/03/2001	12.3257
19/03/2001	12.1884
20/03/2001	11.9417
21/03/2001	12.0241
22/03/2001	12.2818
23/03/2001	11.8976
26/03/2001	11.9899
27/03/2001	11.8496
28/03/2001	12.03
29/03/2001	12.1855
30/03/2001	12.1269
02/04/2001	12.3636
03/04/2001	12.177
04/04/2001	12.2129
05/04/2001	12.1892
06/04/2001	12.1424
09/04/2001	11.9711
10/04/2001	11.7331
11/04/2001	11.6541
12/04/2001	11.5088
17/04/2001	11.6235
18/04/2001	11.7044
19/04/2001	11.6778
20/04/2001	11.6866
23/04/2001	11.6701
24/04/2001	11.6519
25/04/2001	11.624
26/04/2001	11.4992
27/04/2001	11.4135
30/04/2001	11.3739
01/05/2001	11.3095
02/05/2001	11.1575
03/05/2001	11.1326
04/05/2001	10.9886
08/05/2001	11.1168
09/05/2001	11.1242
10/05/2001	10.9425
11/05/2001	10.5283
14/05/2001	10.5418
15/05/2001	10.43
16/05/2001	10.338
17/05/2001	9.94
18/05/2001	9.6523
21/05/2001	9.4622
22/05/2001	9.7221
23/05/2001	10.2454
24/05/2001	10.2279
25/05/2001	9.9402
29/05/2001	10.1628
30/05/2001	10.1065
31/05/2001	10.6795
01/06/2001	10.6863
04/06/2001	10.5009
05/06/2001	10.596
06/06/2001	10.516
07/06/2001	10.5254
08/06/2001	10.2114
11/06/2001	10.38
12/06/2001	10.4239
13/06/2001	10.4495
14/06/2001	10.3013
15/06/2001	10.233
18/06/2001	10.1813
19/06/2001	10.0497
20/06/2001	10.054
21/06/2001	10.1126
22/06/2001	9.9131
25/06/2001	9.8895
26/06/2001	9.795
27/06/2001	9.8512
28/06/2001	9.9723
29/06/2001	9.8258
02/07/2001	9.7864
03/07/2001	9.8255
05/07/2001	10.1151
06/07/2001	10.1796
09/07/2001	10.1723
10/07/2001	10.1783
11/07/2001	10.3885
12/07/2001	10.368
13/07/2001	10.1382
16/07/2001	10.1268
17/07/2001	10.2015
18/07/2001	10.63
19/07/2001	10.7072
20/07/2001	10.6346
23/07/2001	10.5531
24/07/2001	10.4722
25/07/2001	10.5992
26/07/2001	10.626
27/07/2001	10.4108
30/07/2001	10.4184
31/07/2001	10.2057
01/08/2001	10.3594
02/08/2001	10.4295
03/08/2001	10.222
06/08/2001	10.1797
07/08/2001	10.0747
08/08/2001	10.0296
09/08/2001	10.2776
10/08/2001	10.2597
13/08/2001	10.4304
14/08/2001	10.586
15/08/2001	11.197
16/08/2001	11.1438
17/08/2001	10.7899
20/08/2001	10.8393
21/08/2001	10.8815
22/08/2001	10.89
23/08/2001	10.704
24/08/2001	10.5168
28/08/2001	10.4801
29/08/2001	10.547
30/08/2001	10.566
31/08/2001	10.6096
04/09/2001	10.7767
05/09/2001	10.6348
06/09/2001	10.6561
07/09/2001	10.6647
10/09/2001	10.694
11/09/2001	12.2179
12/09/2001	11.82
13/09/2001	11.4779
14/09/2001	11.7262
17/09/2001	12.6314
18/09/2001	12.2348
19/09/2001	12.2223
20/09/2001	12.2297
21/09/2001	12.4091
24/09/2001	12.1229
25/09/2001	11.9362
26/09/2001	11.3397
27/09/2001	11.1865
28/09/2001	10.8328
01/10/2001	10.7936
02/10/2001	10.8642
03/10/2001	10.7773
04/10/2001	10.5822
05/10/2001	10.5256
09/10/2001	10.5037
10/10/2001	10.185
11/10/2001	10.1917
12/10/2001	10.2131
15/10/2001	10.1712
16/10/2001	10.1414
17/10/2001	10.1852
18/10/2001	10.1705
19/10/2001	9.9636
22/10/2001	10.0094
23/10/2001	10.099
24/10/2001	9.9504
25/10/2001	9.9212
26/10/2001	9.7897
29/10/2001	9.9027
30/10/2001	10.0999
31/10/2001	9.9795
01/11/2001	10.0017
02/11/2001	9.892
05/11/2001	9.8323
06/11/2001	9.8308
07/11/2001	9.7516
08/11/2001	9.6853
09/11/2001	9.6079
13/11/2001	9.7361
14/11/2001	9.7543
15/11/2001	9.8415
16/11/2001	9.665
19/11/2001	9.7475
20/11/2001	9.7398
21/11/2001	9.7958
23/11/2001	9.8675
26/11/2001	9.8891
27/11/2001	9.8616
28/11/2001	9.9109
29/11/2001	10.0493
30/11/2001	10.1059
03/12/2001	10.1857
04/12/2001	10.0251
05/12/2001	10.0014
06/12/2001	9.9031
07/12/2001	10.06
10/12/2001	10.1492
11/12/2001	9.9813
12/12/2001	10.038
13/12/2001	9.9862
14/12/2001	10.3046
17/12/2001	10.374
18/12/2001	10.1866
19/12/2001	10.0539
20/12/2001	10.1215
21/12/2001	10.1843
24/12/2001	10.1839
27/12/2001	10.502
28/12/2001	10.3346
31/12/2001	10.3476
02/01/2002	10.7546
03/01/2002	10.4988
04/01/2002	10.2579
07/01/2002	10.1493
08/01/2002	10.1174
09/01/2002	9.9963
10/01/2002	9.9596
11/01/2002	9.6388
14/01/2002	9.5305
15/01/2002	9.3466
16/01/2002	9.3582
17/01/2002	9.3369
18/01/2002	9.2596
22/01/2002	9.448
23/01/2002	9.5282
24/01/2002	9.6181
25/01/2002	9.7393
28/01/2002	9.7462
29/01/2002	9.5834
30/01/2002	9.5309
31/01/2002	9.3443
01/02/2002	9.2982
04/02/2002	9.2838
05/02/2002	9.3074
06/02/2002	9.2683
07/02/2002	9.2209
08/02/2002	9.3541
11/02/2002	9.3455
12/02/2002	9.1569
13/02/2002	9.005
14/02/2002	9.1191
15/02/2002	9.0231
19/02/2002	8.9616
20/02/2002	8.826
21/02/2002	8.9059
22/02/2002	8.8577
25/02/2002	8.8597
26/02/2002	8.8603
27/02/2002	8.8936
28/02/2002	8.6935
01/03/2002	8.4469
04/03/2002	8.3712
05/03/2002	8.2582
06/03/2002	8.386
07/03/2002	8.974
08/03/2002	8.6305
11/03/2002	8.6501
12/03/2002	8.5881
13/03/2002	8.6421
14/03/2002	8.7339
15/03/2002	8.5331
18/03/2002	8.6616
19/03/2002	8.727
20/03/2002	8.7392
21/03/2002	8.7342
22/03/2002	8.6745
25/03/2002	8.667
26/03/2002	8.592
27/03/2002	8.4639
28/03/2002	8.3398
02/04/2002	8.483
03/04/2002	8.4014
04/04/2002	8.3947
05/04/2002	8.2179
08/04/2002	8.1773
09/04/2002	8.1587
10/04/2002	8.1488
11/04/2002	8.1586
12/04/2002	8.0654
15/04/2002	7.9
16/04/2002	7.8589
17/04/2002	8.1186
18/04/2002	8.1611
19/04/2002	8.0735
22/04/2002	7.9293
23/04/2002	7.872
24/04/2002	7.8391
25/04/2002	8.0903
26/04/2002	8.0443
29/04/2002	8.1844
30/04/2002	8.1076
01/05/2002	8.3392
02/05/2002	8.4024
03/05/2002	8.6707
07/05/2002	8.674
08/05/2002	8.5147
09/05/2002	8.464
10/05/2002	8.4729
13/05/2002	8.4622
14/05/2002	8.2662
15/05/2002	8.2673
16/05/2002	8.3197
17/05/2002	8.5944
20/05/2002	8.6131
21/05/2002	8.6781
22/05/2002	8.7456
23/05/2002	8.5494
24/05/2002	8.2511
28/05/2002	8.3996
29/05/2002	8.5453
30/05/2002	8.8247
31/05/2002	8.6816
05/06/2002	8.7027
06/06/2002	8.8221
07/06/2002	8.8604
10/06/2002	8.8395
11/06/2002	8.7914
12/06/2002	8.8671
13/06/2002	8.7566
14/06/2002	8.8468
17/06/2002	8.8305
18/06/2002	8.8131
19/06/2002	9.0645
20/06/2002	9.2466
21/06/2002	9.433
24/06/2002	10.0179
25/06/2002	9.7751
26/06/2002	11.0709
27/06/2002	10.6615
28/06/2002	10.6386
01/07/2002	10.5467
02/07/2002	10.3625
03/07/2002	10.3272
05/07/2002	9.7962
08/07/2002	10.2634
09/07/2002	10.5241
10/07/2002	10.5058
11/07/2002	10.4873
12/07/2002	10.2218
15/07/2002	10.6512
16/07/2002	10.585
17/07/2002	10.5094
18/07/2002	10.2451
19/07/2002	10.3352
22/07/2002	10.2608
23/07/2002	10.0467
24/07/2002	10.1511
25/07/2002	10.312
26/07/2002	10.1901
29/07/2002	9.9677
30/07/2002	9.9378
31/07/2002	9.735
01/08/2002	9.8253
02/08/2002	9.9063
05/08/2002	9.8802
06/08/2002	9.8684
07/08/2002	9.8032
08/08/2002	9.6648
09/08/2002	9.5423
12/08/2002	9.7871
13/08/2002	9.7589
14/08/2002	10.1102
15/08/2002	9.8738
16/08/2002	9.6384
19/08/2002	9.5186
20/08/2002	9.4743
21/08/2002	9.5366
22/08/2002	9.4893
23/08/2002	9.3992
27/08/2002	9.5984
28/08/2002	9.6373
29/08/2002	9.748
30/08/2002	9.6006
03/09/2002	9.9911
04/09/2002	9.95
05/09/2002	10.0963
06/09/2002	9.9831
09/09/2002	9.8329
10/09/2002	9.8173
11/09/2002	9.7512
12/09/2002	9.6064
13/09/2002	9.5873
16/09/2002	9.4718
17/09/2002	9.4376
18/09/2002	9.6523
19/09/2002	9.7737
20/09/2002	9.9428
23/09/2002	9.9222
24/09/2002	9.76
25/09/2002	9.6435
26/09/2002	9.4684
27/09/2002	9.3027
30/09/2002	9.492
01/10/2002	9.417
02/10/2002	9.3745
03/10/2002	9.267
04/10/2002	9.0621
07/10/2002	9.0155
08/10/2002	8.9489
09/10/2002	8.9713
10/10/2002	8.9349
11/10/2002	8.8665
15/10/2002	8.848
16/10/2002	8.7215
17/10/2002	8.7904
18/10/2002	8.6651
21/10/2002	8.5635
22/10/2002	8.5522
23/10/2002	8.4608
24/10/2002	8.3973
25/10/2002	8.2527
28/10/2002	8.3593
29/10/2002	8.4921
30/10/2002	8.5018
31/10/2002	8.5782
01/11/2002	8.8401
04/11/2002	8.8293
05/11/2002	9.0282
06/11/2002	8.7823
07/11/2002	8.9989
08/11/2002	9.1929
12/11/2002	9.1676
13/11/2002	9.0279
14/11/2002	8.7663
15/11/2002	8.5971
18/11/2002	8.5828
19/11/2002	8.6788
20/11/2002	8.6175
21/11/2002	8.4071
22/11/2002	8.2137
25/11/2002	8.2042
26/11/2002	8.1996
27/11/2002	8.1398
29/11/2002	8.1471
02/12/2002	8.4262
03/12/2002	8.3533
04/12/2002	8.5145
05/12/2002	8.6142
06/12/2002	8.8706
09/12/2002	9.0199
10/12/2002	8.8575
11/12/2002	8.7543
12/12/2002	9.0162
13/12/2002	9.2178
16/12/2002	9.1795
17/12/2002	9.4081
18/12/2002	9.216
19/12/2002	9.2575
20/12/2002	9.2215
23/12/2002	9.2545
24/12/2002	9.3311
27/12/2002	9.4639
30/12/2002	9.6504
31/12/2002	9.6893
02/01/2003	9.649
03/01/2003	9.507
06/01/2003	9.747
07/01/2003	9.3802
08/01/2003	9.2879
09/01/2003	9.4049
10/01/2003	9.5133
13/01/2003	9.4886
14/01/2003	9.4619
15/01/2003	9.3153
16/01/2003	9.2131
17/01/2003	9.3741
21/01/2003	9.0662
22/01/2003	9.1591
23/01/2003	9.3154
24/01/2003	9.5747
27/01/2003	9.7104
28/01/2003	9.5068
29/01/2003	9.5327
30/01/2003	9.4124
31/01/2003	9.4428
03/02/2003	9.325
04/02/2003	9.4438
05/02/2003	9.4702
06/02/2003	9.4381
07/02/2003	9.3857
10/02/2003	9.329
11/02/2003	9.3613
12/02/2003	9.3857
13/02/2003	9.616
14/02/2003	9.6159
18/02/2003	9.3958
19/02/2003	9.216
20/02/2003	9.3763
21/02/2003	9.314
24/02/2003	9.4763
25/02/2003	9.4531
26/02/2003	9.3753
27/02/2003	9.4
28/02/2003	9.1525
03/03/2003	9.269
04/03/2003	9.4022
05/03/2003	9.5207
06/03/2003	9.5285
07/03/2003	9.5061
10/03/2003	9.6756
11/03/2003	9.5798
12/03/2003	9.5578
13/03/2003	9.5236
14/03/2003	9.3722
17/03/2003	9.5926
18/03/2003	9.6716
19/03/2003	9.6974
20/03/2003	9.6647
21/03/2003	9.6015
24/03/2003	9.7007
25/03/2003	9.6635
26/03/2003	9.5643
27/03/2003	9.5363
28/03/2003	9.4845
31/03/2003	9.6904
01/04/2003	9.641
02/04/2003	9.5731
03/04/2003	9.5348
04/04/2003	9.492
07/04/2003	9.45
08/04/2003	9.3133
09/04/2003	9.2295
10/04/2003	9.2464
11/04/2003	9.0582
14/04/2003	8.7526
15/04/2003	8.5936
16/04/2003	8.7895
17/04/2003	8.7732
22/04/2003	9.0648
23/04/2003	8.9517
24/04/2003	9.1233
25/04/2003	9.0154
28/04/2003	9.1008
29/04/2003	9.0048
30/04/2003	9.2663
01/05/2003	9.3571
02/05/2003	9.207
06/05/2003	9.4429
07/05/2003	9.6179
08/05/2003	9.683
09/05/2003	9.6693
12/05/2003	9.7699
13/05/2003	9.6871
14/05/2003	9.6417
15/05/2003	9.712
16/05/2003	9.717
19/05/2003	9.8958
20/05/2003	9.8695
21/05/2003	9.8677
22/05/2003	9.6778
23/05/2003	9.6906
27/05/2003	9.8518
28/05/2003	9.523
29/05/2003	9.5271
30/05/2003	9.5764
02/06/2003	9.6148
03/06/2003	9.637
04/06/2003	9.5944
05/06/2003	9.7519
06/06/2003	9.576
09/06/2003	9.5408
10/06/2003	9.3059
11/06/2003	9.2768
12/06/2003	9.1792
13/06/2003	9.1034
16/06/2003	9.3114
17/06/2003	9.1597
18/06/2003	8.9874
19/06/2003	9.1014
20/06/2003	8.9772
23/06/2003	9.0515
24/06/2003	9.044
25/06/2003	9.1293
26/06/2003	8.9686
27/06/2003	8.8546
30/06/2003	8.9381
01/07/2003	9.0502
02/07/2003	9.1035
03/07/2003	9.0561
07/07/2003	8.9922
08/07/2003	9.0315
09/07/2003	9.1458
10/07/2003	9.1861
11/07/2003	8.9843
14/07/2003	9.0734
15/07/2003	9.1478
16/07/2003	9.1917
17/07/2003	9.1198
18/07/2003	9.0997
21/07/2003	9.1825
22/07/2003	9.17
23/07/2003	9.2422
24/07/2003	9.156
25/07/2003	9.1238
28/07/2003	9.0829
29/07/2003	9.0661
30/07/2003	9.0748
31/07/2003	9.1578
01/08/2003	9.1654
04/08/2003	9.1779
05/08/2003	9.1621
06/08/2003	9.1454
07/08/2003	9.0209
08/08/2003	8.8836
11/08/2003	8.9185
12/08/2003	8.9078
13/08/2003	8.9024
14/08/2003	8.8517
15/08/2003	8.7594
18/08/2003	8.6916
19/08/2003	8.9252
20/08/2003	8.9346
21/08/2003	9.1889
22/08/2003	9.2377
26/08/2003	9.3893
27/08/2003	9.2664
28/08/2003	9.2589
29/08/2003	9.3429
02/09/2003	9.5147
03/09/2003	9.7033
04/09/2003	9.5167
05/09/2003	9.4514
08/09/2003	9.4727
09/09/2003	9.6163
10/09/2003	9.6028
11/09/2003	9.541
12/09/2003	9.5754
15/09/2003	9.5563
16/09/2003	9.715
17/09/2003	9.8116
18/09/2003	10.046
19/09/2003	10.3844
22/09/2003	10.4171
23/09/2003	10.7598
24/09/2003	10.4951
25/09/2003	10.3437
26/09/2003	10.0729
29/09/2003	10.3091
30/09/2003	10.6945
01/10/2003	10.5284
02/10/2003	10.4997
03/10/2003	10.3152
06/10/2003	10.2853
07/10/2003	10.6185
08/10/2003	10.6039
09/10/2003	10.5586
10/10/2003	10.4975
14/10/2003	10.5041
15/10/2003	10.5056
16/10/2003	10.3619
17/10/2003	10.1191
20/10/2003	10.0153
21/10/2003	9.8413
22/10/2003	10.0672
23/10/2003	10.0269
24/10/2003	9.9007
27/10/2003	10.0163
28/10/2003	10.0165
29/10/2003	9.949
30/10/2003	9.7775
31/10/2003	9.4816
03/11/2003	9.4484
04/11/2003	9.4818
05/11/2003	9.5137
06/11/2003	9.4743
07/11/2003	9.5123
10/11/2003	9.5817
12/11/2003	9.6692
13/11/2003	9.8916
14/11/2003	9.7099
17/11/2003	9.7779
18/11/2003	10.0452
19/11/2003	9.9353
20/11/2003	9.837
21/11/2003	9.6019
24/11/2003	9.6562
25/11/2003	9.6297
26/11/2003	9.7297
28/11/2003	9.9581
01/12/2003	9.9596
02/12/2003	9.9818
03/12/2003	9.9548
04/12/2003	9.8467
05/12/2003	9.9421
08/12/2003	9.9739
09/12/2003	9.9243
10/12/2003	9.7614
11/12/2003	9.7447
12/12/2003	9.7796
15/12/2003	9.7254
16/12/2003	9.7344
17/12/2003	9.6871
18/12/2003	9.8085
19/12/2003	9.6965
22/12/2003	9.7205
23/12/2003	9.701
24/12/2003	9.7163
29/12/2003	9.857
30/12/2003	9.8867
31/12/2003	9.9661
02/01/2004	10.0065
05/01/2004	10.1505
06/01/2004	10.1396
07/01/2004	9.942
08/01/2004	9.9286
09/01/2004	9.909
12/01/2004	9.8842
13/01/2004	9.8103
14/01/2004	9.8718
15/01/2004	9.8597
16/01/2004	9.9439
20/01/2004	9.9311
21/01/2004	10.0518
22/01/2004	10.1469
23/01/2004	10.1567
26/01/2004	10.0537
27/01/2004	10.2501
28/01/2004	10.2367
29/01/2004	10.2941
30/01/2004	10.2849
02/02/2004	10.3779
03/02/2004	10.3479
04/02/2004	10.3261
05/02/2004	10.2472
06/02/2004	10.2602
09/02/2004	9.8412
10/02/2004	9.8446
11/02/2004	9.9537
12/02/2004	9.9374
13/02/2004	9.886
17/02/2004	9.763
18/02/2004	9.8131
19/02/2004	9.7571
20/02/2004	9.8324
23/02/2004	9.8582
24/02/2004	9.7735
25/02/2004	9.755
26/02/2004	9.8844
27/02/2004	9.8315
01/03/2004	9.787
02/03/2004	9.9862
03/03/2004	10.0843
04/03/2004	10.2564
05/03/2004	10.0683
08/03/2004	10.0635
09/03/2004	10.0132
10/03/2004	10.1147
11/03/2004	10.2033
12/03/2004	10.2261
15/03/2004	10.2868
16/03/2004	10.5782
17/03/2004	10.5734
18/03/2004	10.6862
19/03/2004	10.3816
22/03/2004	10.3547
23/03/2004	10.3394
24/03/2004	10.4944
25/03/2004	10.7066
26/03/2004	10.7278
29/03/2004	10.8168
30/03/2004	10.7675
31/03/2004	10.8604
01/04/2004	10.8209
02/04/2004	10.6067
05/04/2004	10.6263
06/04/2004	10.6521
07/04/2004	10.6249
08/04/2004	10.5398
13/04/2004	10.7664
14/04/2004	10.9482
15/04/2004	10.8127
16/04/2004	10.7082
19/04/2004	10.4895
20/04/2004	10.6313
21/04/2004	10.8025
22/04/2004	10.7604
23/04/2004	10.6742
26/04/2004	10.5967
27/04/2004	10.5952
28/04/2004	10.5985
29/04/2004	10.6777
30/04/2004	10.584
04/05/2004	10.6934
05/05/2004	10.7695
06/05/2004	10.7483
07/05/2004	10.6049
10/05/2004	10.7722
11/05/2004	10.6687
12/05/2004	10.6728
13/05/2004	10.774
14/05/2004	10.5656
17/05/2004	10.6047
18/05/2004	10.5494
19/05/2004	10.5792
20/05/2004	10.5754
21/05/2004	10.5486
24/05/2004	10.5377
25/05/2004	10.6803
26/05/2004	10.7214
27/05/2004	10.7674
28/05/2004	10.6655
01/06/2004	10.8585
02/06/2004	10.8592
03/06/2004	10.9087
04/06/2004	10.5482
07/06/2004	10.6366
08/06/2004	10.445
09/06/2004	10.4776
10/06/2004	10.429
11/06/2004	10.4001
14/06/2004	10.5375
15/06/2004	10.6107
16/06/2004	10.4873
17/06/2004	10.455
18/06/2004	10.3775
21/06/2004	10.3678
22/06/2004	10.2727
23/06/2004	10.2924
24/06/2004	10.4346
25/06/2004	10.3535
28/06/2004	10.3517
29/06/2004	10.1532
30/06/2004	10.058
01/07/2004	9.9052
02/07/2004	9.8435
06/07/2004	9.773
07/07/2004	9.974
08/07/2004	9.9132
09/07/2004	9.808
12/07/2004	9.7612
13/07/2004	9.688
14/07/2004	9.6837
15/07/2004	9.5439
16/07/2004	9.4516
19/07/2004	9.4285
20/07/2004	9.3426
21/07/2004	9.3661
22/07/2004	9.3829
23/07/2004	9.2875
26/07/2004	9.3977
27/07/2004	9.4992
28/07/2004	9.583
29/07/2004	9.6268
30/07/2004	9.5035
02/08/2004	9.6463
03/08/2004	9.5774
04/08/2004	9.5694
05/08/2004	9.5449
06/08/2004	9.3126
09/08/2004	9.342
10/08/2004	9.3035
11/08/2004	9.2895
12/08/2004	9.3624
13/08/2004	9.3638
16/08/2004	9.4678
17/08/2004	9.4834
18/08/2004	9.5074
19/08/2004	9.5408
20/08/2004	9.4706
23/08/2004	9.5502
24/08/2004	9.7198
25/08/2004	9.6905
26/08/2004	9.6641
27/08/2004	9.6815
31/08/2004	9.7388
01/09/2004	9.7381
02/09/2004	9.7962
03/09/2004	9.6653
07/09/2004	9.5906
08/09/2004	9.5025
09/09/2004	9.495
10/09/2004	9.4592
13/09/2004	9.4004
14/09/2004	9.3017
15/09/2004	9.4039
16/09/2004	9.0644
17/09/2004	8.9518
20/09/2004	8.856
21/09/2004	8.9715
22/09/2004	8.8635
23/09/2004	8.8563
24/09/2004	8.8247
27/09/2004	8.7939
28/09/2004	8.7836
29/09/2004	8.7313
30/09/2004	8.9669
01/10/2004	8.8588
04/10/2004	8.6582
05/10/2004	8.495
06/10/2004	8.4217
07/10/2004	8.4198
08/10/2004	8.473
12/10/2004	8.3688
13/10/2004	8.3802
14/10/2004	8.4973
15/10/2004	8.5385
18/10/2004	8.5976
19/10/2004	8.712
20/10/2004	8.9344
21/10/2004	9.15
22/10/2004	9.0217
25/10/2004	9.4392
26/10/2004	9.4219
27/10/2004	9.4393
28/10/2004	9.4435
29/10/2004	9.5384
01/11/2004	9.5592
02/11/2004	9.5111
03/11/2004	9.3724
04/11/2004	9.5565
05/11/2004	9.5328
08/11/2004	9.6214
09/11/2004	9.4537
10/11/2004	9.343
12/11/2004	9.2422
15/11/2004	9.3423
16/11/2004	9.2865
17/11/2004	9.4714
18/11/2004	9.4069
19/11/2004	9.5008
22/11/2004	9.3907
23/11/2004	9.4603
24/11/2004	9.5651
26/11/2004	9.7219
29/11/2004	9.7261
30/11/2004	9.7196
01/12/2004	9.6427
02/12/2004	9.6549
03/12/2004	9.6851
06/12/2004	9.8776
07/12/2004	9.8162
08/12/2004	9.8085
09/12/2004	9.8275
10/12/2004	9.8773
13/12/2004	9.9164
14/12/2004	9.4933
15/12/2004	9.6103
16/12/2004	9.6207
17/12/2004	9.5291
20/12/2004	9.5775
21/12/2004	9.5602
22/12/2004	9.5989
23/12/2004	9.7234
24/12/2004	9.7652
29/12/2004	9.9684
30/12/2004	9.985
31/12/2004	9.9743
04/01/2005	10.0309
05/01/2005	9.9559
06/01/2005	9.8606
07/01/2005	9.695
10/01/2005	9.5828
11/01/2005	9.367
12/01/2005	9.472
13/01/2005	9.3624
14/01/2005	9.4636
18/01/2005	9.5123
19/01/2005	9.5019
20/01/2005	9.452
21/01/2005	9.4101
24/01/2005	9.4262
25/01/2005	9.3168
26/01/2005	9.351
27/01/2005	9.3206
28/01/2005	9.2609
31/01/2005	9.2115
01/02/2005	9.0469
02/02/2005	9.0182
03/02/2005	8.9012
04/02/2005	8.8241
07/02/2005	8.7882
08/02/2005	8.9131
09/02/2005	8.7463
10/02/2005	8.8686
11/02/2005	8.7733
14/02/2005	8.8716
15/02/2005	9.0037
16/02/2005	8.8842
17/02/2005	8.8682
18/02/2005	8.7695
22/02/2005	9.0985
23/02/2005	8.8528
24/02/2005	8.8577
25/02/2005	8.6847
28/02/2005	8.8598
01/03/2005	8.8492
02/03/2005	8.7922
03/03/2005	8.7793
04/03/2005	8.6524
07/03/2005	8.553
08/03/2005	8.7127
09/03/2005	8.8683
10/03/2005	8.9417
11/03/2005	8.784
14/03/2005	8.7745
15/03/2005	8.8061
16/03/2005	8.8634
17/03/2005	8.7427
18/03/2005	8.6409
21/03/2005	8.7666
22/03/2005	8.7031
23/03/2005	8.7339
24/03/2005	8.7025
29/03/2005	8.7544
30/03/2005	8.6865
31/03/2005	8.7117
01/04/2005	8.6443
04/04/2005	8.4493
05/04/2005	8.4311
06/04/2005	8.4618
07/04/2005	8.3885
08/04/2005	8.3939
11/04/2005	8.4061
12/04/2005	8.4348
13/04/2005	8.4373
14/04/2005	8.5106
15/04/2005	8.5308
18/04/2005	8.6179
19/04/2005	8.6278
20/04/2005	8.6433
21/04/2005	8.6041
22/04/2005	8.6793
25/04/2005	8.5927
26/04/2005	8.4229
27/04/2005	8.4336
28/04/2005	8.4073
29/04/2005	8.5911
03/05/2005	8.4819
04/05/2005	8.4351
05/05/2005	8.4343
06/05/2005	8.2955
09/05/2005	8.3024
10/05/2005	8.3058
11/05/2005	8.2964
12/05/2005	8.3897
13/05/2005	8.3996
16/05/2005	8.531
17/05/2005	8.4991
18/05/2005	8.4828
19/05/2005	8.3424
20/05/2005	8.2828
23/05/2005	8.3066
24/05/2005	8.3093
25/05/2005	8.2396
26/05/2005	8.274
27/05/2005	8.2649
31/05/2005	8.4354
01/06/2005	8.7287
02/06/2005	8.6081
03/06/2005	8.519
06/06/2005	8.5138
07/06/2005	8.4697
08/06/2005	8.3312
09/06/2005	8.4114
10/06/2005	8.4084
13/06/2005	8.6479
14/06/2005	8.6411
15/06/2005	8.5961
16/06/2005	8.5139
17/06/2005	8.3987
20/06/2005	8.4068
21/06/2005	8.4673
22/06/2005	8.5065
23/06/2005	8.6811
24/06/2005	8.5019
27/06/2005	8.322
28/06/2005	8.3703
29/06/2005	8.4603
30/06/2005	8.3334
01/07/2005	8.5485
05/07/2005	8.6824
06/07/2005	8.6469
07/07/2005	8.7943
08/07/2005	8.523
11/07/2005	8.4068
12/07/2005	8.4487
13/07/2005	8.4802
14/07/2005	8.43
15/07/2005	8.2917
18/07/2005	8.3236
19/07/2005	8.3941
20/07/2005	8.3767
21/07/2005	8.4642
22/07/2005	8.3714
25/07/2005	8.3471
26/07/2005	8.3365
27/07/2005	8.3617
28/07/2005	8.3839
29/07/2005	8.2506
01/08/2005	8.2916
02/08/2005	8.2644
03/08/2005	8.3288
04/08/2005	8.3342
05/08/2005	8.1807
08/08/2005	8.1785
09/08/2005	8.2074
10/08/2005	8.1996
11/08/2005	8.2737
12/08/2005	8.1666
15/08/2005	8.2305
16/08/2005	8.2317
17/08/2005	8.2472
18/08/2005	8.2614
19/08/2005	8.2156
22/08/2005	8.2835
23/08/2005	8.2619
24/08/2005	8.2612
25/08/2005	8.2951
26/08/2005	8.1931
30/08/2005	8.3979
31/08/2005	8.5073
01/09/2005	8.6445
02/09/2005	8.6801
06/09/2005	8.6259
07/09/2005	8.5495
08/09/2005	8.4866
09/09/2005	8.4406
12/09/2005	8.4632
13/09/2005	8.416
14/09/2005	8.4467
15/09/2005	8.5158
16/09/2005	8.5052
19/09/2005	8.5006
20/09/2005	8.4367
21/09/2005	8.3128
22/09/2005	8.4015
23/09/2005	8.4584
26/09/2005	8.5233
27/09/2005	8.4934
28/09/2005	8.3884
29/09/2005	8.3883
30/09/2005	8.3698
03/10/2005	8.4496
04/10/2005	8.3805
05/10/2005	8.3151
06/10/2005	8.321
07/10/2005	8.245
11/10/2005	8.291
12/10/2005	8.326
13/10/2005	8.3941
14/10/2005	8.3083
17/10/2005	8.3489
18/10/2005	8.445
19/10/2005	8.445
20/10/2005	8.4417
21/10/2005	8.3515
24/10/2005	8.3704
25/10/2005	8.4
26/10/2005	8.3769
27/10/2005	8.3674
28/10/2005	8.2342
31/10/2005	8.2897
01/11/2005	8.3139
02/11/2005	8.3654
03/11/2005	8.3801
04/11/2005	8.4013
07/11/2005	8.5051
08/11/2005	8.5327
09/11/2005	8.5785
10/11/2005	8.5606
14/11/2005	8.4875
15/11/2005	8.5459
16/11/2005	8.5846
17/11/2005	8.5437
18/11/2005	8.4147
21/11/2005	8.5332
22/11/2005	8.4672
23/11/2005	8.5276
25/11/2005	8.4495
28/11/2005	8.5087
29/11/2005	8.4581
30/11/2005	8.4143
01/12/2005	8.4891
02/12/2005	8.4007
05/12/2005	8.4339
06/12/2005	8.3389
07/12/2005	8.3663
08/12/2005	8.4364
09/12/2005	8.385
12/12/2005	8.4822
13/12/2005	8.404
14/12/2005	8.5873
15/12/2005	8.6714
16/12/2005	8.6109
19/12/2005	8.6092
20/12/2005	8.5051
21/12/2005	8.5647
22/12/2005	8.508
23/12/2005	8.4568
28/12/2005	8.6095
29/12/2005	8.6558
30/12/2005	8.6032
03/01/2006	8.6501
04/01/2006	8.7169
05/01/2006	8.7031
06/01/2006	8.6989
09/01/2006	8.7502
10/01/2006	8.6331
11/01/2006	8.6627
12/01/2006	8.6953
13/01/2006	8.5932
17/01/2006	8.5081
18/01/2006	8.533
19/01/2006	8.5166
20/01/2006	8.456
23/01/2006	8.6148
24/01/2006	8.5387
25/01/2006	8.4626
26/01/2006	8.415
27/01/2006	8.4044
30/01/2006	8.4623
31/01/2006	8.5025
01/02/2006	8.3805
02/02/2006	8.406
03/02/2006	8.408
06/02/2006	8.4705
07/02/2006	8.4826
08/02/2006	8.4254
09/02/2006	8.4457
10/02/2006	8.4294
13/02/2006	8.485
14/02/2006	8.4678
15/02/2006	8.3883
16/02/2006	8.3728
17/02/2006	8.3321
21/02/2006	8.2763
22/02/2006	8.1367
23/02/2006	8.2443
24/02/2006	8.1084
27/02/2006	8.1101
28/02/2006	8.0417
01/03/2006	8.059
02/03/2006	8.1946
03/03/2006	8.0607
06/03/2006	8.0765
07/03/2006	8.1445
08/03/2006	8.1807
09/03/2006	8.1235
10/03/2006	7.9637
13/03/2006	7.9381
14/03/2006	8.0253
15/03/2006	8.0498
16/03/2006	8.0823
17/03/2006	8.0576
20/03/2006	8.0983
21/03/2006	8.0915
22/03/2006	7.9875
23/03/2006	7.9808
24/03/2006	7.9084
27/03/2006	8.0388
28/03/2006	8.144
29/03/2006	8.0592
30/03/2006	8.1408
31/03/2006	8.0733
03/04/2006	8.0644
04/04/2006	8.2394
05/04/2006	8.2994
06/04/2006	8.2792
07/04/2006	8.0976
10/04/2006	7.9638
11/04/2006	7.9011
12/04/2006	7.9163
13/04/2006	7.8603
18/04/2006	8.0245
19/04/2006	8.2041
20/04/2006	8.1425
21/04/2006	8.1638
24/04/2006	8.3645
25/04/2006	8.2677
26/04/2006	8.2774
27/04/2006	8.3359
28/04/2006	8.3253
02/05/2006	8.4806
03/05/2006	8.5741
04/05/2006	8.6158
05/05/2006	8.6533
08/05/2006	8.7842
09/05/2006	8.814
10/05/2006	9.0533
11/05/2006	8.9488
12/05/2006	9.2346
15/05/2006	9.2581
16/05/2006	9.1962
17/05/2006	9.2682
18/05/2006	9.2845
19/05/2006	9.1588
22/05/2006	9.3025
23/05/2006	9.3338
24/05/2006	9.3508
25/05/2006	9.1524
26/05/2006	9.0238
30/05/2006	9.1954
31/05/2006	9.1259
01/06/2006	9.0194
02/06/2006	8.8429
05/06/2006	8.9227
06/06/2006	8.7664
07/06/2006	8.6333
08/06/2006	8.4911
09/06/2006	8.4515
12/06/2006	8.4988
13/06/2006	8.4812
14/06/2006	8.4585
15/06/2006	8.4469
16/06/2006	8.2559
19/06/2006	8.0671
20/06/2006	8.0727
21/06/2006	8.1557
22/06/2006	8.1688
23/06/2006	8.17
26/06/2006	8.2376
27/06/2006	8.1769
28/06/2006	8.1372
29/06/2006	8.2128
30/06/2006	8.1819
03/07/2006	8.2453
05/07/2006	8.283
06/07/2006	8.2722
07/07/2006	8.1968
10/07/2006	8.1806
11/07/2006	8.0997
12/07/2006	8.0321
13/07/2006	7.9946
14/07/2006	7.9134
17/07/2006	7.9192
18/07/2006	7.9311
19/07/2006	7.9456
20/07/2006	7.8701
21/07/2006	7.837
24/07/2006	7.8183
25/07/2006	7.7153
26/07/2006	7.7257
27/07/2006	7.8779
28/07/2006	7.878
31/07/2006	8.0486
01/08/2006	8.076
02/08/2006	8.09
03/08/2006	8.1022
04/08/2006	8.0211
07/08/2006	8.0438
08/08/2006	7.9683
09/08/2006	7.9488
10/08/2006	7.9227
11/08/2006	7.8187
14/08/2006	7.7686
15/08/2006	7.7824
16/08/2006	7.8529
17/08/2006	7.8762
18/08/2006	7.7856
21/08/2006	7.9077
22/08/2006	7.8517
23/08/2006	7.8354
24/08/2006	7.855
25/08/2006	7.7614
29/08/2006	7.8807
30/08/2006	7.8797
31/08/2006	7.925
01/09/2006	7.9192
05/09/2006	7.923
06/09/2006	7.902
07/09/2006	7.8616
08/09/2006	7.8608
11/09/2006	7.8538
12/09/2006	7.7802
13/09/2006	7.784
14/09/2006	7.7354
15/09/2006	7.6725
18/09/2006	7.5612
19/09/2006	7.4949
20/09/2006	7.46
21/09/2006	7.4485
22/09/2006	7.4875
25/09/2006	7.3884
26/09/2006	7.2724
27/09/2006	6.9983
28/09/2006	6.8305
29/09/2006	6.7208
02/10/2006	6.7468
03/10/2006	6.6382
04/10/2006	6.7131
05/10/2006	6.7892
06/10/2006	6.8198
10/10/2006	7.0567
11/10/2006	7.1326
12/10/2006	7.1034
13/10/2006	6.9277
16/10/2006	6.9927
17/10/2006	6.9748
18/10/2006	6.9264
19/10/2006	6.72
20/10/2006	6.5826
23/10/2006	6.5967
24/10/2006	6.5381
25/10/2006	6.4109
26/10/2006	6.3493
27/10/2006	6.0995
30/10/2006	6.176
31/10/2006	6.2447
01/11/2006	6.4814
02/11/2006	6.5442
03/11/2006	6.4306
06/11/2006	6.1416
07/11/2006	6.2563
08/11/2006	6.3443
09/11/2006	6.4267
10/11/2006	6.5983
13/11/2006	6.6163
14/11/2006	6.5856
15/11/2006	6.5098
16/11/2006	6.2651
17/11/2006	6.067
20/11/2006	6.0753
21/11/2006	6.0232
22/11/2006	6.1343
24/11/2006	7.0452
27/11/2006	7.2563
28/11/2006	7.1629
29/11/2006	7.0595
30/11/2006	7.1766
01/12/2006	7.3551
04/12/2006	7.5189
05/12/2006	7.4328
06/12/2006	7.4818
07/12/2006	7.4583
08/12/2006	7.4093
11/12/2006	7.352
12/12/2006	7.1422
13/12/2006	7.0367
14/12/2006	6.8912
15/12/2006	6.7904
18/12/2006	6.6593
19/12/2006	6.638
20/12/2006	6.5738
21/12/2006	6.5705
22/12/2006	6.5642
27/12/2006	6.5823
28/12/2006	6.5985
29/12/2006	6.6516
02/01/2007	6.7572
03/01/2007	6.7551
04/01/2007	6.7225
05/01/2007	6.694
08/01/2007	6.583
09/01/2007	6.335
10/01/2007	6.2724
11/01/2007	6.3359
12/01/2007	6.3392
16/01/2007	6.4463
17/01/2007	6.3802
18/01/2007	6.2694
19/01/2007	6.2047
22/01/2007	6.206
23/01/2007	6.2331
24/01/2007	6.2875
25/01/2007	6.5486
26/01/2007	6.4484
29/01/2007	6.4554
30/01/2007	6.4323
31/01/2007	6.5076
01/02/2007	6.6403
02/02/2007	6.5176
05/02/2007	6.4762
06/02/2007	6.4892
07/02/2007	6.4306
08/02/2007	6.3898
09/02/2007	6.3891
12/02/2007	6.3611
13/02/2007	6.2735
14/02/2007	6.3619
15/02/2007	6.4079
16/02/2007	6.3697
20/02/2007	6.2895
21/02/2007	6.0629
22/02/2007	5.9529
23/02/2007	5.9847
26/02/2007	6.1134
27/02/2007	6.4603
28/02/2007	6.5237
01/03/2007	6.5879
02/03/2007	6.4914
05/03/2007	6.9436
06/03/2007	6.7266
07/03/2007	6.649
08/03/2007	6.6932
09/03/2007	6.4167
12/03/2007	6.4792
13/03/2007	6.7781
14/03/2007	6.9278
15/03/2007	6.8908
16/03/2007	7.0221
19/03/2007	7.1094
20/03/2007	6.8746
21/03/2007	6.8324
22/03/2007	6.8629
23/03/2007	6.6646
26/03/2007	6.5434
27/03/2007	6.5311
28/03/2007	6.695
29/03/2007	6.7335
30/03/2007	6.6434
02/04/2007	6.7613
03/04/2007	6.6706
04/04/2007	6.5692
05/04/2007	6.5563
10/04/2007	6.5524
11/04/2007	6.4966
12/04/2007	6.4777
13/04/2007	6.5266
16/04/2007	6.4572
17/04/2007	6.5355
18/04/2007	6.6343
19/04/2007	6.6986
20/04/2007	6.5092
23/04/2007	6.4003
24/04/2007	6.3001
25/04/2007	6.3459
26/04/2007	6.2509
27/04/2007	6.2035
30/04/2007	6.2455
01/05/2007	6.2642
02/05/2007	6.2081
03/05/2007	6.1807
04/05/2007	6.1543
08/05/2007	6.0376
09/05/2007	6.0124
10/05/2007	5.9458
11/05/2007	6.0103
14/05/2007	5.9697
15/05/2007	5.9306
16/05/2007	5.8943
17/05/2007	5.8728
18/05/2007	5.9237
21/05/2007	5.9008
22/05/2007	5.9357
23/05/2007	5.9093
24/05/2007	5.8262
25/05/2007	5.8421
29/05/2007	5.7836
30/05/2007	5.8259
31/05/2007	5.772
01/06/2007	5.64
04/06/2007	5.5562
05/06/2007	5.5396
06/06/2007	5.5986
07/06/2007	5.6417
08/06/2007	5.8301
11/06/2007	5.7802
12/06/2007	5.7204
13/06/2007	5.8768
14/06/2007	5.7902
15/06/2007	5.6675
18/06/2007	5.6771
19/06/2007	5.6411
20/06/2007	5.6168
21/06/2007	5.5832
22/06/2007	5.6243
25/06/2007	5.671
26/06/2007	5.8197
27/06/2007	6.0007
28/06/2007	5.951
29/06/2007	5.7669
02/07/2007	5.9318
03/07/2007	6.0323
05/07/2007	6.0155
06/07/2007	5.8626
09/07/2007	5.8576
10/07/2007	5.9422
11/07/2007	6.3431
12/07/2007	6.2651
13/07/2007	6.1874
16/07/2007	6.2553
17/07/2007	6.1701
18/07/2007	6.2246
19/07/2007	6.148
20/07/2007	5.9997
23/07/2007	6.1517
24/07/2007	6.2268
25/07/2007	6.3085
26/07/2007	6.4886
27/07/2007	6.8642
30/07/2007	7.0099
31/07/2007	6.7721
01/08/2007	7.053
02/08/2007	7.0268
03/08/2007	6.9487
06/08/2007	7.3428
07/08/2007	7.2593
08/08/2007	7.1289
09/08/2007	7.4022
10/08/2007	7.7908
13/08/2007	7.8052
14/08/2007	8.021
15/08/2007	8.602
16/08/2007	10.4626
17/08/2007	9.151
20/08/2007	8.6121
21/08/2007	9.158
22/08/2007	8.1768
23/08/2007	7.7829
24/08/2007	7.7994
28/08/2007	8.0197
29/08/2007	8.4289
30/08/2007	8.3642
31/08/2007	8.3077
04/09/2007	8.3174
05/09/2007	8.2972
06/09/2007	8.2668
07/09/2007	8.3076
10/09/2007	8.695
11/09/2007	8.3025
12/09/2007	8.3056
13/09/2007	8.1324
14/09/2007	8.1304
17/09/2007	8.1474
18/09/2007	8.1635
19/09/2007	7.8878
20/09/2007	8.0201
21/09/2007	7.9433
24/09/2007	7.7475
25/09/2007	7.7894
26/09/2007	7.6728
27/09/2007	7.5425
28/09/2007	7.6643
01/10/2007	7.6484
02/10/2007	7.6343
03/10/2007	7.6056
04/10/2007	7.6081
05/10/2007	7.4452
09/10/2007	7.2244
10/10/2007	7.1871
11/10/2007	7.1524
12/10/2007	7.0218
15/10/2007	7.046
16/10/2007	7.3306
17/10/2007	7.4114
18/10/2007	7.7476
19/10/2007	7.647
22/10/2007	8.039
23/10/2007	7.8801
24/10/2007	7.9186
25/10/2007	8.0242
26/10/2007	7.954
29/10/2007	8.0731
30/10/2007	7.9635
31/10/2007	7.9864
01/11/2007	7.9863
02/11/2007	7.9446
05/11/2007	8.1518
06/11/2007	8.1466
07/11/2007	9.13
08/11/2007	9.51
09/11/2007	9.5949
13/11/2007	9.6779
14/11/2007	9.2216
15/11/2007	9.5469
16/11/2007	9.8532
19/11/2007	9.6194
20/11/2007	9.9597
21/11/2007	10.2766
23/11/2007	10.3177
26/11/2007	10.2303
27/11/2007	10.1698
28/11/2007	10.053
29/11/2007	9.9842
30/11/2007	9.5872
03/12/2007	9.4579
04/12/2007	9.5467
05/12/2007	9.624
06/12/2007	9.7068
07/12/2007	9.3566
10/12/2007	9.1631
11/12/2007	9.167
12/12/2007	9.1073
13/12/2007	9.049
14/12/2007	9.2082
17/12/2007	9.5964
18/12/2007	9.4834
19/12/2007	9.489
20/12/2007	9.5384
21/12/2007	9.5096
24/12/2007	9.3895
27/12/2007	9.4382
28/12/2007	9.4726
31/12/2007	9.7081
02/01/2008	9.9853
03/01/2008	10.1271
04/01/2008	10.0388
07/01/2008	10.0735
08/01/2008	9.7361
09/01/2008	9.7659
10/01/2008	9.6925
11/01/2008	9.7074
14/01/2008	9.9699
15/01/2008	10.0594
16/01/2008	10.2255
17/01/2008	10.3218
18/01/2008	10.4342
22/01/2008	10.7152
23/01/2008	10.5596
24/01/2008	10.3739
25/01/2008	9.9006
28/01/2008	10.1406
29/01/2008	9.8772
30/01/2008	9.8369
31/01/2008	9.9177
01/02/2008	9.8125
04/02/2008	9.7224
05/02/2008	9.8515
06/02/2008	10.079
07/02/2008	10.2196
08/02/2008	10.0632
11/02/2008	10.2648
12/02/2008	10.0555
13/02/2008	9.7911
14/02/2008	9.5452
15/02/2008	9.5671
19/02/2008	9.6142
20/02/2008	9.6848
21/02/2008	9.5428
22/02/2008	9.537
25/02/2008	9.4059
26/02/2008	9.3324
27/02/2008	9.7271
28/02/2008	9.9677
29/02/2008	10.3765
03/03/2008	10.7228
04/03/2008	10.5713
05/03/2008	10.4363
06/03/2008	10.6352
07/03/2008	11.0386
10/03/2008	10.9539
11/03/2008	10.8089
12/03/2008	10.8407
13/03/2008	11.337
14/03/2008	11.6627
17/03/2008	12.5109
18/03/2008	12.2324
19/03/2008	12.338
20/03/2008	12.3889
25/03/2008	11.781
26/03/2008	11.9803
27/03/2008	11.8679
28/03/2008	11.7945
31/03/2008	11.9222
01/04/2008	11.7657
02/04/2008	11.2438
03/04/2008	11.1844
04/04/2008	10.9247
07/04/2008	10.6261
08/04/2008	10.6283
09/04/2008	10.7388
10/04/2008	11.0547
11/04/2008	11.1707
14/04/2008	11.1172
15/04/2008	11.0727
16/04/2008	11.0704
17/04/2008	10.955
18/04/2008	10.8241
21/04/2008	10.8104
22/04/2008	10.8622
23/04/2008	10.6994
24/04/2008	10.6698
25/04/2008	10.5978
28/04/2008	10.3553
29/04/2008	10.3765
30/04/2008	10.4715
01/05/2008	10.5149
02/05/2008	10.1065
06/05/2008	10.032
07/05/2008	10.1557
08/05/2008	10.3581
09/05/2008	10.4996
12/05/2008	10.4716
13/05/2008	10.3303
14/05/2008	10.1279
15/05/2008	9.9512
16/05/2008	9.7528
19/05/2008	9.7731
20/05/2008	9.9487
21/05/2008	10.2495
22/05/2008	10.0696
23/05/2008	9.9752
27/05/2008	9.9551
28/05/2008	9.8257
29/05/2008	9.7696
30/05/2008	9.6033
02/06/2008	9.7195
03/06/2008	9.8571
04/06/2008	9.8938
05/06/2008	9.9176
06/06/2008	9.9719
09/06/2008	10.3638
10/06/2008	10.5526
11/06/2008	10.3921
12/06/2008	10.4806
13/06/2008	10.5173
16/06/2008	10.2704
17/06/2008	10.0351
18/06/2008	9.8409
19/06/2008	9.7383
20/06/2008	9.7017
23/06/2008	9.7634
24/06/2008	9.6843
25/06/2008	9.6275
26/06/2008	9.7532
27/06/2008	9.9409
30/06/2008	10.0903
01/07/2008	10.126
02/07/2008	10.235
03/07/2008	9.9435
07/07/2008	9.6195
08/07/2008	9.7335
09/07/2008	9.7151
10/07/2008	9.732
11/07/2008	9.7992
14/07/2008	9.9684
15/07/2008	10.5752
16/07/2008	10.5121
17/07/2008	10.1504
18/07/2008	9.8107
21/07/2008	9.7434
22/07/2008	9.7959
23/07/2008	9.571
24/07/2008	9.4674
25/07/2008	9.4087
28/07/2008	9.3103
29/07/2008	9.2067
30/07/2008	9.2041
31/07/2008	9.1319
01/08/2008	9.0338
04/08/2008	9.0677
05/08/2008	9.2436
06/08/2008	9.1797
07/08/2008	9.2772
08/08/2008	10.126
11/08/2008	10.2297
12/08/2008	10.1819
13/08/2008	10.5322
14/08/2008	10.3098
15/08/2008	10.3236
18/08/2008	10.1205
19/08/2008	10.1299
20/08/2008	10.0285
21/08/2008	10.1961
22/08/2008	9.9717
26/08/2008	10.3057
27/08/2008	10.283
28/08/2008	10.3077
29/08/2008	10.2983
02/09/2008	10.6601
03/09/2008	10.7774
04/09/2008	10.9207
05/09/2008	11.503
08/09/2008	11.4877
09/09/2008	11.5961
10/09/2008	11.4711
11/09/2008	11.8115
12/09/2008	11.4555
15/09/2008	12.7431
16/09/2008	12.9752
17/09/2008	12.8566
18/09/2008	13.4678
19/09/2008	12.8361
22/09/2008	12.9282
23/09/2008	12.9794
24/09/2008	12.535
25/09/2008	12.7158
26/09/2008	12.972
29/09/2008	13.6751
30/09/2008	14.3352
01/10/2008	14.2985
02/10/2008	14.8169
03/10/2008	14.4466
06/10/2008	16.6284
07/10/2008	16.5875
08/10/2008	17.8034
09/10/2008	16.9107
10/10/2008	19.8602
14/10/2008	15.9534
15/10/2008	16.6527
16/10/2008	17.9429
17/10/2008	16.6636
20/10/2008	15.7183
21/10/2008	16.686
22/10/2008	19.2528
23/10/2008	19.4752
24/10/2008	22.2607
27/10/2008	24.4709
28/10/2008	22.3242
29/10/2008	21.9694
30/10/2008	23.3882
31/10/2008	23.445
03/11/2008	22.2385
04/11/2008	20.6778
05/11/2008	20.4123
06/11/2008	21.502
07/11/2008	21.0498
10/11/2008	20.0758
12/11/2008	22.4826
13/11/2008	22.9429
14/11/2008	22.4896
17/11/2008	22.1179
18/11/2008	21.237
19/11/2008	20.4069
20/11/2008	21.4531
21/11/2008	21.4728
24/11/2008	21.2564
25/11/2008	21.4954
26/11/2008	21.4071
28/11/2008	20.6294
01/12/2008	21.6915
02/12/2008	22.1343
03/12/2008	21.9843
04/12/2008	21.2921
05/12/2008	20.3664
08/12/2008	19.9491
09/12/2008	19.5914
10/12/2008	18.6749
11/12/2008	19.1009
12/12/2008	20.1538
15/12/2008	21.3406
16/12/2008	21.5243
17/12/2008	22.9575
18/12/2008	23.0486
19/12/2008	22.8389
22/12/2008	22.2075
23/12/2008	21.2543
24/12/2008	21.0331
29/12/2008	21.4481
30/12/2008	21.6979
31/12/2008	21.6244
02/01/2009	21.6494
05/01/2009	21.8187
06/01/2009	21.449
07/01/2009	20.9293
08/01/2009	20.7567
09/01/2009	20.1389
12/01/2009	19.9778
13/01/2009	20.2585
14/01/2009	20.5149
15/01/2009	20.3148
16/01/2009	19.6144
20/01/2009	20.9753
21/01/2009	21.4145
22/01/2009	20.9477
23/01/2009	21.0742
26/01/2009	21.1527
27/01/2009	20.8379
28/01/2009	20.2809
29/01/2009	20.022
30/01/2009	20.1893
02/02/2009	20.5087
03/02/2009	20.3477
04/02/2009	19.9374
05/02/2009	19.2224
06/02/2009	18.6001
09/02/2009	18.6863
10/02/2009	19.3071
11/02/2009	19.3402
12/02/2009	19.4537
13/02/2009	18.9528
17/02/2009	19.5141
18/02/2009	19.1542
19/02/2009	18.5082
20/02/2009	18.5839
23/02/2009	18.9112
24/02/2009	18.7846
25/02/2009	18.3785
26/02/2009	17.9227
27/02/2009	18.0967
02/03/2009	18.1544
03/03/2009	17.9726
04/03/2009	17.3741
05/03/2009	17.3365
06/03/2009	17.1262
09/03/2009	17.0472
10/03/2009	17.0288
11/03/2009	17.1161
12/03/2009	17.335
13/03/2009	17.2785
16/03/2009	17.2839
17/03/2009	16.9788
18/03/2009	17.4207
19/03/2009	18.1495
20/03/2009	17.8678
23/03/2009	17.819
24/03/2009	17.3877
25/03/2009	17.4821
26/03/2009	17.5604
27/03/2009	17.5474
30/03/2009	17.8001
31/03/2009	17.6113
01/04/2009	17.4683
02/04/2009	17.3271
03/04/2009	16.5931
06/04/2009	16.015
07/04/2009	15.7611
08/04/2009	15.7122
09/04/2009	15.4606
14/04/2009	15.5738
15/04/2009	15.2461
16/04/2009	14.8071
17/04/2009	14.5999
20/04/2009	14.8716
21/04/2009	14.7687
22/04/2009	14.5423
23/04/2009	14.1222
24/04/2009	14.4363
27/04/2009	14.387
28/04/2009	14.3622
29/04/2009	14.3988
30/04/2009	14.2391
01/05/2009	14.0945
05/05/2009	14.1813
06/05/2009	14.2028
07/05/2009	14.0934
08/05/2009	13.7193
11/05/2009	14.0358
12/05/2009	14.4206
13/05/2009	14.5852
14/05/2009	14.4771
15/05/2009	14.1342
18/05/2009	13.9165
19/05/2009	13.8601
20/05/2009	14.059
21/05/2009	14.4748
22/05/2009	15.2548
26/05/2009	15.1771
27/05/2009	15.076
28/05/2009	14.9812
29/05/2009	15.2679
01/06/2009	15.6111
02/06/2009	15.8763
03/06/2009	16.2497
04/06/2009	16.0078
05/06/2009	15.6874
08/06/2009	15.7211
09/06/2009	15.5848
10/06/2009	15.462
11/06/2009	15.2364
12/06/2009	14.7401
15/06/2009	14.7055
16/06/2009	14.8992
17/06/2009	15.0733
18/06/2009	15.082
19/06/2009	14.6014
22/06/2009	14.8577
23/06/2009	15.3387
24/06/2009	15.1096
25/06/2009	14.6303
26/06/2009	14.4418
29/06/2009	14.2771
30/06/2009	13.9368
01/07/2009	13.8078
02/07/2009	13.5817
03/07/2009	13.436
06/07/2009	13.6947
07/07/2009	13.6074
08/07/2009	14.2458
09/07/2009	14.018
10/07/2009	14.0243
13/07/2009	14.1433
14/07/2009	13.8114
15/07/2009	13.652
16/07/2009	13.646
17/07/2009	13.5166
20/07/2009	13.5417
21/07/2009	13.7088
22/07/2009	13.6706
23/07/2009	13.4595
24/07/2009	13.2022
27/07/2009	13.0421
28/07/2009	13.0062
29/07/2009	13.0569
30/07/2009	12.8686
31/07/2009	12.7221
03/08/2009	13.1434
04/08/2009	13.2048
05/08/2009	13.3238
06/08/2009	13.3623
07/08/2009	13.2354
10/08/2009	13.2143
11/08/2009	13.3673
12/08/2009	13.5452
13/08/2009	13.2323
14/08/2009	13.0092
17/08/2009	13.378
18/08/2009	13.151
19/08/2009	13.1948
20/08/2009	12.9048
21/08/2009	12.8298
24/08/2009	12.6775
25/08/2009	12.7134
26/08/2009	12.6493
27/08/2009	12.6906
28/08/2009	12.6417
01/09/2009	12.7778
02/09/2009	12.9698
03/09/2009	12.9052
04/09/2009	12.6388
08/09/2009	12.703
09/09/2009	12.8583
10/09/2009	12.7356
11/09/2009	12.8027
14/09/2009	12.8498
15/09/2009	12.6126
16/09/2009	12.6654
17/09/2009	12.4973
18/09/2009	12.4423
21/09/2009	12.2761
22/09/2009	12.2877
23/09/2009	11.9916
24/09/2009	11.9774
25/09/2009	12.1676
28/09/2009	12.4527
29/09/2009	12.4064
30/09/2009	12.3188
01/10/2009	12.1957
02/10/2009	12.2575
05/10/2009	12.1295
06/10/2009	12.1737
07/10/2009	12.1825
08/10/2009	12.1424
09/10/2009	12.116
13/10/2009	12.4628
14/10/2009	12.9453
15/10/2009	12.8009
16/10/2009	12.7911
19/10/2009	12.8898
20/10/2009	12.8759
21/10/2009	12.6176
22/10/2009	12.6009
23/10/2009	12.3989
26/10/2009	12.4988
27/10/2009	12.7188
28/10/2009	13.0913
29/10/2009	13.1667
30/10/2009	13.1808
02/11/2009	13.5561
03/11/2009	14.2794
04/11/2009	13.7853
05/11/2009	13.3678
06/11/2009	13.0127
09/11/2009	12.9718
10/11/2009	12.892
12/11/2009	13.0187
13/11/2009	12.7415
16/11/2009	12.589
17/11/2009	12.6782
18/11/2009	12.6639
19/11/2009	12.9552
20/11/2009	13.0597
23/11/2009	12.8094
24/11/2009	12.8044
25/11/2009	12.8819
27/11/2009	13.9259
30/11/2009	13.8218
01/12/2009	13.2332
02/12/2009	12.9287
03/12/2009	12.8583
04/12/2009	12.8223
07/12/2009	12.959
08/12/2009	13.1151
09/12/2009	13.2718
10/12/2009	12.843
11/12/2009	12.7275
14/12/2009	12.8023
15/12/2009	12.9063
16/12/2009	12.7635
17/12/2009	13.0897
18/12/2009	13.003
21/12/2009	13.0382
22/12/2009	13.2427
23/12/2009	13.3119
24/12/2009	13.295
29/12/2009	13.3184
30/12/2009	13.2111
31/12/2009	13.2118
04/01/2010	12.9856
05/01/2010	12.4843
06/01/2010	12.2647
07/01/2010	12.2057
08/01/2010	12.0535
11/01/2010	11.7415
12/01/2010	11.6246
13/01/2010	11.4825
14/01/2010	11.1919
15/01/2010	11.479
19/01/2010	11.4192
20/01/2010	11.75
21/01/2010	11.8101
22/01/2010	11.8457
25/01/2010	11.8055
26/01/2010	12.0169
27/01/2010	11.9805
28/01/2010	11.841
29/01/2010	12.0383
01/02/2010	11.9852
02/02/2010	11.7114
03/02/2010	11.6164
04/02/2010	12.3833
05/02/2010	12.9539
08/02/2010	12.7471
09/02/2010	12.4763
10/02/2010	12.3115
11/02/2010	12.1888
12/02/2010	12.1986
16/02/2010	11.8946
17/02/2010	11.8042
18/02/2010	11.9371
19/02/2010	11.9392
22/02/2010	11.7949
23/02/2010	11.9731
24/02/2010	11.9108
25/02/2010	12.1479
26/02/2010	11.8276
01/03/2010	12.1469
02/03/2010	12.052
03/03/2010	11.8374
04/03/2010	11.9313
05/03/2010	11.7357
08/03/2010	11.6608
09/03/2010	11.709
10/03/2010	11.5224
11/03/2010	11.1993
12/03/2010	11.0267
15/03/2010	11.0225
16/03/2010	10.9091
17/03/2010	10.6599
18/03/2010	10.7572
19/03/2010	10.8638
22/03/2010	11.2408
23/03/2010	11.1866
24/03/2010	11.7109
25/03/2010	11.7455
26/03/2010	11.5998
29/03/2010	11.4266
30/03/2010	11.4299
31/03/2010	11.4335
01/04/2010	11.2788
06/04/2010	11.1978
07/04/2010	11.1458
08/04/2010	11.1927
09/04/2010	11.0701
12/04/2010	10.8455
13/04/2010	10.6729
14/04/2010	10.5826
15/04/2010	10.6198
16/04/2010	10.937
19/04/2010	11.0279
20/04/2010	10.799
21/04/2010	10.8177
22/04/2010	11.268
23/04/2010	11.3208
26/04/2010	11.2177
27/04/2010	11.808
28/04/2010	11.9406
29/04/2010	11.5398
30/04/2010	11.3798
04/05/2010	12.0989
05/05/2010	12.8004
06/05/2010	15.0668
07/05/2010	14.9655
10/05/2010	13.8671
11/05/2010	14.0647
12/05/2010	13.2498
13/05/2010	12.8891
14/05/2010	13.6737
17/05/2010	14.0878
18/05/2010	14.1269
19/05/2010	14.9941
20/05/2010	16.4834
21/05/2010	15.7684
24/05/2010	14.9714
25/05/2010	15.6409
26/05/2010	15.3187
27/05/2010	14.8002
28/05/2010	14.5201
01/06/2010	14.7658
02/06/2010	14.7022
03/06/2010	14.5387
04/06/2010	14.9742
07/06/2010	15.3781
08/06/2010	15.3247
09/06/2010	14.7022
10/06/2010	14.2234
11/06/2010	13.613
14/06/2010	13.203
15/06/2010	13.2431
16/06/2010	13.2132
17/06/2010	13.2475
18/06/2010	12.9421
21/06/2010	12.8023
22/06/2010	12.9343
23/06/2010	13.0505
24/06/2010	13.2987
25/06/2010	13.4209
28/06/2010	13.2288
29/06/2010	13.9564
30/06/2010	13.874
01/07/2010	14.0882
02/07/2010	13.6109
06/07/2010	13.0508
07/07/2010	12.9823
08/07/2010	12.6773
09/07/2010	12.3704
12/07/2010	12.3395
13/07/2010	12.2325
14/07/2010	12.0556
15/07/2010	12.0963
16/07/2010	12.3581
19/07/2010	12.7027
20/07/2010	12.6589
21/07/2010	12.6983
22/07/2010	12.7358
23/07/2010	12.3025
26/07/2010	11.9656
27/07/2010	11.7657
28/07/2010	11.3443
29/07/2010	11.3333
30/07/2010	11.3975
02/08/2010	11.2044
03/08/2010	11.2468
04/08/2010	11.4899
05/08/2010	11.6871
06/08/2010	11.4586
09/08/2010	11.5507
10/08/2010	11.6177
11/08/2010	12.3245
12/08/2010	12.4763
13/08/2010	12.1896
16/08/2010	12.3013
17/08/2010	12.0579
18/08/2010	11.9113
19/08/2010	11.9828
20/08/2010	12.1637
23/08/2010	12.1984
24/08/2010	12.6391
25/08/2010	12.6722
26/08/2010	12.4413
27/08/2010	12.4393
31/08/2010	12.6395
01/09/2010	12.4762
02/09/2010	12.4355
03/09/2010	11.9814
07/09/2010	12.2183
08/09/2010	12.2294
09/09/2010	11.9667
10/09/2010	11.8434
13/09/2010	11.7571
14/09/2010	11.9015
15/09/2010	11.8037
16/09/2010	11.6114
17/09/2010	11.6359
20/09/2010	11.5721
21/09/2010	11.6282
22/09/2010	11.7937
23/09/2010	12.0781
24/09/2010	12.0886
27/09/2010	11.9827
28/09/2010	12.2079
29/09/2010	12.3025
30/09/2010	12.213
01/10/2010	12.0601
04/10/2010	12.0812
05/10/2010	12.3671
06/10/2010	12.7803
07/10/2010	13.1324
08/10/2010	12.9294
12/10/2010	12.6856
13/10/2010	12.5341
14/10/2010	12.8043
15/10/2010	12.5781
18/10/2010	12.7476
19/10/2010	12.9476
20/10/2010	12.8535
21/10/2010	12.8585
22/10/2010	12.7328
25/10/2010	12.7096
26/10/2010	12.7231
27/10/2010	12.9613
28/10/2010	12.9159
29/10/2010	12.9972
01/11/2010	13.1625
02/11/2010	12.9935
03/11/2010	12.4644
04/11/2010	12.2517
05/11/2010	12.3012
08/11/2010	12.5226
09/11/2010	12.567
10/11/2010	12.8085
12/11/2010	12.9315
15/11/2010	12.8837
16/11/2010	12.8609
17/11/2010	12.7339
18/11/2010	12.2971
19/11/2010	12.0668
22/11/2010	12.1435
23/11/2010	12.5866
24/11/2010	12.5812
26/11/2010	12.9357
29/11/2010	13.4552
30/11/2010	13.5072
01/12/2010	13.07
02/12/2010	12.6541
03/12/2010	12.2944
06/12/2010	12.6243
07/12/2010	12.3286
08/12/2010	12.5814
09/12/2010	12.4824
10/12/2010	12.2839
13/12/2010	12.1904
14/12/2010	12.1402
15/12/2010	12.1078
16/12/2010	12.6295
17/12/2010	12.4844
20/12/2010	12.5631
21/12/2010	12.3684
22/12/2010	12.45
23/12/2010	12.4274
24/12/2010	12.3938
29/12/2010	12.6155
30/12/2010	12.6884
31/12/2010	12.7437
04/01/2011	12.5376
05/01/2011	12.5432
06/01/2011	12.5794
07/01/2011	12.4014
10/01/2011	12.3987
11/01/2011	12.075
12/01/2011	11.8284
13/01/2011	11.8103
14/01/2011	11.8617
18/01/2011	11.7802
19/01/2011	11.7047
20/01/2011	11.9297
21/01/2011	11.6652
24/01/2011	11.5812
25/01/2011	11.4404
26/01/2011	11.1674
27/01/2011	11.1416
28/01/2011	11.2687
31/01/2011	11.4972
01/02/2011	11.4237
02/02/2011	11.3228
03/02/2011	11.3821
04/02/2011	11.1705
07/02/2011	11.0779
08/02/2011	10.9011
09/02/2011	10.808
10/02/2011	10.883
11/02/2011	10.9013
14/02/2011	10.9147
15/02/2011	10.8265
16/02/2011	10.5425
17/02/2011	10.4585
18/02/2011	10.3236
22/02/2011	10.5786
23/02/2011	10.5112
24/02/2011	10.8162
25/02/2011	10.6598
28/02/2011	10.4909
01/03/2011	10.3564
02/03/2011	10.5499
03/03/2011	10.5419
04/03/2011	10.1685
07/03/2011	9.9982
08/03/2011	10.158
09/03/2011	10.0318
10/03/2011	10.1843
11/03/2011	10.5002
14/03/2011	10.6576
15/03/2011	11.8475
16/03/2011	12.0051
17/03/2011	12.5097
18/03/2011	11.3579
21/03/2011	10.9602
22/03/2011	10.7078
23/03/2011	10.9114
24/03/2011	10.8582
25/03/2011	10.8079
28/03/2011	11.0016
29/03/2011	11.0684
30/03/2011	10.9809
31/03/2011	10.8148
01/04/2011	10.6932
04/04/2011	10.4761
05/04/2011	10.3909
06/04/2011	10.4958
07/04/2011	10.6181
08/04/2011	10.6427
11/04/2011	10.6406
12/04/2011	10.7399
13/04/2011	10.8259
14/04/2011	10.8903
15/04/2011	10.7249
18/04/2011	11.0633
19/04/2011	10.9076
20/04/2011	10.776
21/04/2011	10.9763
26/04/2011	11.1497
27/04/2011	11.0846
28/04/2011	11.0645
03/05/2011	11.4004
04/05/2011	11.4824
05/05/2011	11.8735
06/05/2011	11.967
09/05/2011	11.9518
10/05/2011	11.6681
11/05/2011	11.5932
12/05/2011	11.8645
13/05/2011	11.9322
16/05/2011	11.8757
17/05/2011	11.8408
18/05/2011	11.6839
19/05/2011	11.586
20/05/2011	11.4894
23/05/2011	11.8947
24/05/2011	11.7244
25/05/2011	11.8723
26/05/2011	11.8734
27/05/2011	11.8678
31/05/2011	11.5906
01/06/2011	11.4349
02/06/2011	11.4721
03/06/2011	11.1889
06/06/2011	11.0745
07/06/2011	10.907
08/06/2011	11.1513
09/06/2011	11.0505
10/06/2011	11.1154
13/06/2011	11.2395
14/06/2011	11.0874
15/06/2011	11.6992
16/06/2011	12.0467
17/06/2011	11.6496
20/06/2011	11.7579
21/06/2011	11.6268
22/06/2011	11.4323
23/06/2011	11.8426
24/06/2011	11.7374
27/06/2011	11.9585
28/06/2011	11.6678
29/06/2011	11.6573
30/06/2011	11.1043
01/07/2011	10.906
05/07/2011	10.737
06/07/2011	10.9797
07/07/2011	10.7629
08/07/2011	10.708
11/07/2011	11.5318
12/07/2011	11.9256
13/07/2011	11.6282
14/07/2011	11.6563
15/07/2011	11.7723
18/07/2011	12.0844
19/07/2011	11.8679
20/07/2011	11.8393
21/07/2011	11.5661
22/07/2011	11.0635
25/07/2011	11.1429
26/07/2011	11.1047
27/07/2011	11.3954
28/07/2011	11.4915
29/07/2011	11.8147
01/08/2011	11.838
02/08/2011	12.0771
03/08/2011	12.0959
04/08/2011	12.3858
05/08/2011	12.7376
08/08/2011	13.3464
09/08/2011	14.4929
10/08/2011	14.3067
11/08/2011	14.4993
12/08/2011	13.7678
15/08/2011	13.1701
16/08/2011	12.8703
17/08/2011	12.8576
18/08/2011	13.3075
19/08/2011	13.3859
22/08/2011	13.2054
23/08/2011	13.0077
24/08/2011	12.9361
25/08/2011	12.899
26/08/2011	12.7403
30/08/2011	12.401
31/08/2011	12.2163
01/09/2011	12.4507
02/09/2011	12.7958
06/09/2011	13.6891
07/09/2011	13.4399
08/09/2011	13.2524
09/09/2011	14.0492
12/09/2011	14.6099
13/09/2011	14.2643
14/09/2011	14.1217
15/09/2011	13.3889
16/09/2011	13.4138
19/09/2011	13.9744
20/09/2011	14.0711
21/09/2011	14.238
22/09/2011	15.7145
23/09/2011	15.82
26/09/2011	16.0527
27/09/2011	15.044
28/09/2011	14.7881
29/09/2011	14.6497
30/09/2011	14.5419
03/10/2011	14.8182
04/10/2011	15.1571
05/10/2011	14.6951
06/10/2011	14.1908
07/10/2011	13.6708
11/10/2011	13.3644
12/10/2011	13.2406
13/10/2011	13.342
14/10/2011	13.0619
17/10/2011	13.1895
18/10/2011	13.6209
19/10/2011	13.3471
20/10/2011	13.8339
21/10/2011	13.7301
24/10/2011	13.6073
25/10/2011	13.3117
26/10/2011	13.4896
27/10/2011	12.6744
28/10/2011	12.2131
31/10/2011	12.4129
01/11/2011	13.5693
02/11/2011	13.4321
03/11/2011	13.5294
04/11/2011	13.0838
07/11/2011	13.2346
08/11/2011	13.0951
09/11/2011	13.8614
10/11/2011	14.0508
14/11/2011	13.5793
15/11/2011	13.7833
16/11/2011	13.755
17/11/2011	13.7704
18/11/2011	13.5061
21/11/2011	13.7492
22/11/2011	13.8185
23/11/2011	14.23
25/11/2011	14.3414
28/11/2011	14.1558
29/11/2011	14.0474
30/11/2011	13.8226
01/12/2011	13.6302
02/12/2011	13.3328
05/12/2011	13.1593
06/12/2011	13.1439
07/12/2011	13.0572
08/12/2011	13.2912
09/12/2011	13.312
12/12/2011	13.2498
13/12/2011	13.372
14/12/2011	13.6623
15/12/2011	13.1458
16/12/2011	12.4309
19/12/2011	12.3996
20/12/2011	12.3205
21/12/2011	12.3846
22/12/2011	12.4373
23/12/2011	12.3582
28/12/2011	12.3882
29/12/2011	12.7054
30/12/2011	12.7037
03/01/2012	12.3768
04/01/2012	12.198
05/01/2012	12.2495
06/01/2012	11.8488
09/01/2012	11.3848
10/01/2012	10.9616
11/01/2012	11.1345
12/01/2012	10.9624
13/01/2012	11.0531
17/01/2012	10.8741
18/01/2012	10.7836
19/01/2012	10.6276
20/01/2012	10.561
23/01/2012	10.464
24/01/2012	10.7825
25/01/2012	10.9821
26/01/2012	10.4428
27/01/2012	10.4957
30/01/2012	10.8711
31/01/2012	10.8378
01/02/2012	10.7436
02/02/2012	10.6442
03/02/2012	10.4581
06/02/2012	10.7371
07/02/2012	10.5003
08/02/2012	10.2554
09/02/2012	10.0552
10/02/2012	10.3388
13/02/2012	10.1294
14/02/2012	10.1367
15/02/2012	10.4427
16/02/2012	10.737
17/02/2012	10.4604
21/02/2012	10.0405
22/02/2012	10.0084
23/02/2012	9.7797
24/02/2012	9.7779
27/02/2012	9.9489
28/02/2012	9.9504
29/02/2012	10.0498
01/03/2012	10.1143
02/03/2012	10.1109
05/03/2012	10.1725
06/03/2012	10.4687
07/03/2012	10.408
08/03/2012	10.1676
09/03/2012	10.1701
12/03/2012	10.2596
13/03/2012	10.1869
14/03/2012	10.3609
15/03/2012	10.192
16/03/2012	9.9388
19/03/2012	9.8548
20/03/2012	9.824
21/03/2012	9.8596
22/03/2012	10.0677
23/03/2012	9.9019
26/03/2012	9.7658
27/03/2012	9.7114
28/03/2012	9.6901
29/03/2012	9.8549
30/03/2012	9.7968
02/04/2012	9.7361
03/04/2012	9.6392
04/04/2012	10.0838
05/04/2012	10.1506
10/04/2012	10.1327
11/04/2012	10.0965
12/04/2012	9.8122
13/04/2012	9.7431
16/04/2012	9.8521
17/04/2012	9.6663
18/04/2012	9.6555
19/04/2012	9.6625
20/04/2012	9.5246
23/04/2012	9.6039
24/04/2012	9.4744
25/04/2012	9.4215
26/04/2012	9.1517
27/04/2012	8.8715
30/04/2012	8.9375
01/05/2012	9.051
02/05/2012	9.2958
03/05/2012	9.1788
04/05/2012	9.1352
08/05/2012	9.6199
09/05/2012	10.0665
10/05/2012	9.7421
11/05/2012	9.6818
14/05/2012	10.3111
15/05/2012	10.3849
16/05/2012	10.8458
17/05/2012	11.1402
18/05/2012	11.5376
21/05/2012	11.1606
22/05/2012	10.6819
23/05/2012	11.5909
24/05/2012	11.3534
25/05/2012	11.4018
29/05/2012	11.168
30/05/2012	11.519
31/05/2012	11.7668
01/06/2012	11.856
06/06/2012	11.507
07/06/2012	11.0491
08/06/2012	11.2384
11/06/2012	11.2716
12/06/2012	11.4178
13/06/2012	11.1101
14/06/2012	11.1612
15/06/2012	11.0279
18/06/2012	10.6785
19/06/2012	10.2662
20/06/2012	10.0241
21/06/2012	10.1044
22/06/2012	10.1285
25/06/2012	10.2049
26/06/2012	10.0877
27/06/2012	9.9889
28/06/2012	10.1832
29/06/2012	9.5981
02/07/2012	9.6226
03/07/2012	9.5356
05/07/2012	9.5839
06/07/2012	9.6505
09/07/2012	9.6704
10/07/2012	9.5454
11/07/2012	9.5241
12/07/2012	9.711
13/07/2012	9.3535
16/07/2012	9.1811
17/07/2012	9.1243
18/07/2012	8.8245
19/07/2012	8.8005
20/07/2012	8.8193
23/07/2012	9.4437
24/07/2012	9.6966
25/07/2012	9.8218
26/07/2012	9.5157
27/07/2012	9.3138
30/07/2012	9.4911
31/07/2012	9.5716
01/08/2012	9.6881
02/08/2012	9.6149
03/08/2012	8.9695
06/08/2012	8.8742
07/08/2012	8.7463
08/08/2012	8.8637
09/08/2012	8.7932
10/08/2012	8.7076
13/08/2012	8.6485
14/08/2012	8.7427
15/08/2012	8.9537
16/08/2012	9.0108
17/08/2012	8.8421
20/08/2012	8.8818
21/08/2012	8.7464
22/08/2012	8.726
23/08/2012	8.594
24/08/2012	8.6596
28/08/2012	8.8626
29/08/2012	9.0296
30/08/2012	9.2561
31/08/2012	9.1092
04/09/2012	8.8784
05/09/2012	8.9395
06/09/2012	8.6793
07/09/2012	8.168
10/09/2012	8.0653
11/09/2012	8.096
12/09/2012	8.0047
13/09/2012	8.061
14/09/2012	8.0799
17/09/2012	8.1262
18/09/2012	8.2247
19/09/2012	7.9639
20/09/2012	8.1413
21/09/2012	7.9666
24/09/2012	8.074
25/09/2012	8.0427
26/09/2012	8.183
27/09/2012	7.996
28/09/2012	7.9304
01/10/2012	7.9544
02/10/2012	7.891
03/10/2012	7.899
04/10/2012	7.8591
05/10/2012	7.6445
09/10/2012	7.857
10/10/2012	7.7441
11/10/2012	7.6917
12/10/2012	7.6327
15/10/2012	7.6409
16/10/2012	7.598
17/10/2012	7.5892
18/10/2012	7.6603
19/10/2012	7.6349
22/10/2012	7.6486
23/10/2012	7.7293
24/10/2012	7.7586
25/10/2012	7.7624
26/10/2012	7.7432
29/10/2012	7.7386
30/10/2012	7.5325
31/10/2012	7.4805
01/11/2012	7.4604
02/11/2012	7.4787
05/11/2012	7.5902
06/11/2012	7.5562
07/11/2012	7.5157
08/11/2012	7.4574
09/11/2012	7.5274
13/11/2012	7.3342
14/11/2012	7.2654
15/11/2012	7.4611
16/11/2012	7.3743
19/11/2012	7.1648
20/11/2012	7.0918
21/11/2012	7.2487
23/11/2012	7.3452
26/11/2012	7.328
27/11/2012	7.1804
28/11/2012	7.1608
29/11/2012	7.1843
30/11/2012	7.3519
03/12/2012	7.4182
04/12/2012	7.2231
05/12/2012	7.2871
06/12/2012	7.3799
07/12/2012	7.4227
10/12/2012	7.3827
11/12/2012	7.2895
12/12/2012	7.351
13/12/2012	7.3918
14/12/2012	7.1974
17/12/2012	7.1081
18/12/2012	6.9517
19/12/2012	7.081
20/12/2012	7.2997
21/12/2012	7.5797
24/12/2012	7.7047
27/12/2012	7.816
28/12/2012	7.9441
31/12/2012	8.0071
02/01/2013	7.5267
03/01/2013	7.4049
04/01/2013	7.5872
07/01/2013	7.5325
08/01/2013	7.3448
09/01/2013	7.4766
10/01/2013	7.5937
11/01/2013	7.923
14/01/2013	7.9555
15/01/2013	8.109
16/01/2013	8.2362
17/01/2013	8.6915
18/01/2013	8.8456
22/01/2013	8.2953
23/01/2013	8.033
24/01/2013	8.3205
25/01/2013	8.5205
28/01/2013	8.4866
29/01/2013	8.3501
30/01/2013	8.4741
31/01/2013	8.3951
01/02/2013	8.5565
04/02/2013	8.8914
05/02/2013	9.1473
06/02/2013	9.3518
07/02/2013	9.0795
08/02/2013	8.9006
11/02/2013	8.9751
12/02/2013	9.1117
13/02/2013	8.9278
14/02/2013	8.9535
15/02/2013	9.0475
19/02/2013	8.9289
20/02/2013	8.9128
21/02/2013	9.2402
22/02/2013	9.2915
25/02/2013	9.4409
26/02/2013	9.943
27/02/2013	9.5712
28/02/2013	9.3494
01/03/2013	9.441
04/03/2013	9.3458
05/03/2013	8.9974
06/03/2013	8.8867
07/03/2013	9.0301
08/03/2013	8.9077
11/03/2013	8.8856
12/03/2013	8.8433
13/03/2013	8.8538
14/03/2013	8.8691
15/03/2013	8.6747
18/03/2013	9.0444
19/03/2013	9.3874
20/03/2013	9.12
21/03/2013	9.1895
22/03/2013	9.3802
25/03/2013	9.1679
26/03/2013	9.1378
27/03/2013	9.1606
28/03/2013	8.9151
02/04/2013	8.7912
03/04/2013	8.7193
04/04/2013	8.6653
05/04/2013	8.6982
08/04/2013	8.8488
09/04/2013	8.7457
10/04/2013	8.7863
11/04/2013	8.7879
12/04/2013	8.7693
15/04/2013	8.7498
16/04/2013	8.8213
17/04/2013	9.0639
18/04/2013	9.1123
19/04/2013	9.1079
22/04/2013	9.131
23/04/2013	9.0544
24/04/2013	9.0075
25/04/2013	8.7504
26/04/2013	8.6305
29/04/2013	8.5555
30/04/2013	8.4438
01/05/2013	8.4398
02/05/2013	8.5383
03/05/2013	8.414
07/05/2013	8.5817
08/05/2013	8.4513
09/05/2013	8.4636
10/05/2013	9.1496
13/05/2013	9.0086
14/05/2013	9.0745
15/05/2013	9.3846
16/05/2013	9.2998
17/05/2013	9.5162
20/05/2013	9.3525
21/05/2013	9.2424
22/05/2013	9.3943
23/05/2013	9.5488
24/05/2013	9.5179
28/05/2013	9.4778
29/05/2013	9.6311
30/05/2013	9.6933
31/05/2013	9.7923
03/06/2013	9.8149
04/06/2013	9.7205
05/06/2013	9.6484
06/06/2013	9.7167
07/06/2013	9.7724
10/06/2013	9.8136
11/06/2013	9.9233
12/06/2013	10.0376
13/06/2013	10.4285
14/06/2013	10.0368
17/06/2013	9.7194
18/06/2013	9.9015
19/06/2013	9.9889
20/06/2013	10.5751
21/06/2013	10.6868
24/06/2013	11.1314
25/06/2013	10.7951
26/06/2013	10.8896
27/06/2013	10.6431
28/06/2013	10.4546
01/07/2013	10.4144
02/07/2013	10.359
03/07/2013	10.6073
05/07/2013	10.4356
08/07/2013	10.2022
09/07/2013	10.1377
10/07/2013	10.2177
11/07/2013	10.392
12/07/2013	10.2744
15/07/2013	10.2502
16/07/2013	10.0989
17/07/2013	9.7687
18/07/2013	9.5239
19/07/2013	9.3414
22/07/2013	8.9151
23/07/2013	8.7799
24/07/2013	9.0105
25/07/2013	9.1384
26/07/2013	9.0345
29/07/2013	9.2169
30/07/2013	9.35
31/07/2013	9.494
01/08/2013	9.3848
02/08/2013	9.1697
05/08/2013	9.1338
06/08/2013	9.0643
07/08/2013	9.133
08/08/2013	8.9843
09/08/2013	8.6808
12/08/2013	8.7478
13/08/2013	8.9587
14/08/2013	8.9725
15/08/2013	8.9967
16/08/2013	8.8541
19/08/2013	9.03
20/08/2013	9.2211
21/08/2013	9.3813
22/08/2013	9.4681
23/08/2013	9.3154
27/08/2013	9.6207
28/08/2013	9.644
29/08/2013	9.7083
30/08/2013	9.7128
03/09/2013	9.7421
04/09/2013	9.3487
05/09/2013	9.3607
06/09/2013	9.1272
09/09/2013	8.9116
10/09/2013	8.7003
11/09/2013	8.7187
12/09/2013	8.7769
13/09/2013	8.7596
16/09/2013	8.6677
17/09/2013	8.6156
18/09/2013	8.6007
19/09/2013	8.3445
20/09/2013	8.4719
23/09/2013	8.4379
24/09/2013	8.47
25/09/2013	8.3858
26/09/2013	8.293
27/09/2013	8.2407
30/09/2013	8.3628
01/10/2013	8.4721
02/10/2013	8.4174
03/10/2013	8.2844
04/10/2013	8.253
07/10/2013	8.348
08/10/2013	8.2451
09/10/2013	8.4054
10/10/2013	8.1974
11/10/2013	7.9907
15/10/2013	7.9102
16/10/2013	7.9383
17/10/2013	7.7659
18/10/2013	7.4632
21/10/2013	7.4498
22/10/2013	7.3817
23/10/2013	7.4355
24/10/2013	7.3462
25/10/2013	7.4165
28/10/2013	7.3642
29/10/2013	7.4886
30/10/2013	7.5492
31/10/2013	7.7668
01/11/2013	7.916
04/11/2013	7.8469
05/11/2013	7.9067
06/11/2013	7.8474
07/11/2013	7.7992
08/11/2013	7.8486
12/11/2013	7.9868
13/11/2013	7.8335
14/11/2013	7.8097
15/11/2013	7.5314
18/11/2013	7.4099
19/11/2013	7.3892
20/11/2013	7.4924
21/11/2013	7.7248
22/11/2013	7.7869
25/11/2013	7.8467
26/11/2013	7.7983
27/11/2013	7.8979
29/11/2013	7.9449
02/12/2013	8.1127
03/12/2013	8.1195
04/12/2013	8.2957
05/12/2013	8.4951
06/12/2013	8.2328
09/12/2013	8.3427
10/12/2013	8.2378
11/12/2013	8.2468
12/12/2013	8.4528
13/12/2013	8.5526
16/12/2013	8.4896
17/12/2013	8.2811
18/12/2013	8.2176
19/12/2013	8.0793
20/12/2013	8.2476
23/12/2013	8.2572
24/12/2013	8.2482
27/12/2013	8.5448
30/12/2013	8.5769
31/12/2013	8.5492
02/01/2014	8.6475
03/01/2014	8.5711
06/01/2014	8.2184
07/01/2014	8.0337
08/01/2014	8.1344
09/01/2014	7.9559
10/01/2014	7.7907
13/01/2014	7.7703
14/01/2014	7.6693
15/01/2014	7.847
16/01/2014	7.8425
17/01/2014	7.8277
21/01/2014	7.7869
22/01/2014	7.6545
23/01/2014	7.8663
24/01/2014	8.3298
27/01/2014	8.2092
28/01/2014	8.0633
29/01/2014	8.1364
30/01/2014	8.2286
31/01/2014	8.4924
03/02/2014	8.6211
04/02/2014	8.5132
05/02/2014	8.4058
06/02/2014	8.181
07/02/2014	7.8539
10/02/2014	7.8521
11/02/2014	7.9167
12/02/2014	7.769
13/02/2014	7.9039
14/02/2014	7.8418
18/02/2014	7.7553
19/02/2014	7.6432
20/02/2014	7.6994
21/02/2014	7.6553
24/02/2014	7.6443
25/02/2014	7.5736
26/02/2014	7.5609
27/02/2014	7.7274
28/02/2014	7.5821
03/03/2014	7.8999
04/03/2014	7.7157
05/03/2014	7.7045
06/03/2014	7.572
07/03/2014	7.4362
10/03/2014	7.4549
11/03/2014	7.3481
12/03/2014	7.4565
13/03/2014	7.5795
14/03/2014	7.657
17/03/2014	7.5516
18/03/2014	7.5318
19/03/2014	7.5014
20/03/2014	7.5568
21/03/2014	7.2606
24/03/2014	7.258
25/03/2014	7.3092
26/03/2014	7.3444
27/03/2014	7.5692
28/03/2014	7.5948
31/03/2014	7.4985
01/04/2014	7.3648
02/04/2014	7.4284
03/04/2014	7.3044
04/04/2014	7.0726
07/04/2014	6.836
08/04/2014	6.7724
09/04/2014	6.7236
10/04/2014	6.7307
11/04/2014	6.8262
14/04/2014	6.8499
15/04/2014	6.9181
16/04/2014	6.8301
17/04/2014	6.6804
22/04/2014	6.6604
23/04/2014	6.5191
24/04/2014	6.3031
25/04/2014	6.2623
28/04/2014	6.3316
29/04/2014	6.3854
30/04/2014	6.4079
01/05/2014	6.2841
02/05/2014	6.1717
06/05/2014	6.2249
07/05/2014	6.2712
08/05/2014	6.1444
09/05/2014	6.1064
12/05/2014	6.1477
13/05/2014	6.2294
14/05/2014	6.2011
15/05/2014	6.429
16/05/2014	6.3096
19/05/2014	6.2278
20/05/2014	6.2721
21/05/2014	6.4021
22/05/2014	6.1812
23/05/2014	6.25
27/05/2014	6.2255
28/05/2014	6.1989
29/05/2014	6.1413
30/05/2014	5.9609
02/06/2014	6.0801
03/06/2014	6.1678
04/06/2014	6.3131
05/06/2014	6.1221
06/06/2014	5.6145
09/06/2014	5.653
10/06/2014	5.743
11/06/2014	5.7681
12/06/2014	5.716
13/06/2014	5.6854
16/06/2014	5.7112
17/06/2014	5.7371
18/06/2014	5.7697
19/06/2014	5.4583
20/06/2014	5.4581
23/06/2014	5.4879
24/06/2014	5.4603
25/06/2014	5.472
26/06/2014	5.4845
27/06/2014	5.4317
30/06/2014	5.3957
01/07/2014	5.3081
02/07/2014	5.3092
03/07/2014	5.2459
07/07/2014	5.284
08/07/2014	5.3331
09/07/2014	5.3784
10/07/2014	5.5146
11/07/2014	5.3583
14/07/2014	5.2828
15/07/2014	5.238
16/07/2014	5.346
17/07/2014	5.4141
18/07/2014	5.3556
21/07/2014	5.3607
22/07/2014	5.5196
23/07/2014	5.4737
24/07/2014	5.5394
25/07/2014	5.463
28/07/2014	5.4684
29/07/2014	5.5569
30/07/2014	5.9958
31/07/2014	5.9984
01/08/2014	5.6438
04/08/2014	5.5057
05/08/2014	5.5222
06/08/2014	5.6708
07/08/2014	5.7734
08/08/2014	6.0246
11/08/2014	5.8738
12/08/2014	5.8905
13/08/2014	5.8915
14/08/2014	5.8373
15/08/2014	5.9031
18/08/2014	5.7679
19/08/2014	5.7932
20/08/2014	5.9323
21/08/2014	5.9367
22/08/2014	5.7825
26/08/2014	5.9607
27/08/2014	5.9725
28/08/2014	6.0568
29/08/2014	5.9394
02/09/2014	6.3823
03/09/2014	6.232
04/09/2014	6.4668
05/09/2014	6.5523
08/09/2014	6.6966
09/09/2014	7.6452
10/09/2014	7.9212
11/09/2014	7.6489
12/09/2014	7.7065
15/09/2014	7.7633
16/09/2014	7.658
17/09/2014	7.3081
18/09/2014	7.2684
19/09/2014	7.1885
22/09/2014	7.1905
23/09/2014	7.2184
24/09/2014	7.2717
25/09/2014	7.5482
26/09/2014	7.5365
29/09/2014	7.5312
30/09/2014	7.5348
01/10/2014	7.5844
02/10/2014	7.4996
03/10/2014	7.4485
06/10/2014	7.4272
07/10/2014	7.5634
08/10/2014	7.3488
09/10/2014	7.1572
10/10/2014	7.3561
14/10/2014	7.334
15/10/2014	7.706
16/10/2014	8.1727
17/10/2014	7.7149
20/10/2014	7.5782
21/10/2014	7.5276
22/10/2014	7.4309
23/10/2014	7.4243
24/10/2014	7.3372
27/10/2014	7.2952
28/10/2014	6.9836
29/10/2014	6.7796
30/10/2014	7.012
31/10/2014	7.7133
03/11/2014	8.2121
04/11/2014	8.2385
05/11/2014	8.5021
06/11/2014	8.6217
07/11/2014	8.2034
10/11/2014	7.7445
12/11/2014	8.2441
13/11/2014	8.2072
14/11/2014	8.5193
17/11/2014	8.5911
18/11/2014	8.4877
19/11/2014	8.4663
20/11/2014	8.7923
21/11/2014	8.603
24/11/2014	8.7273
25/11/2014	8.6938
26/11/2014	8.5247
28/11/2014	8.6474
01/12/2014	8.7823
02/12/2014	8.9
03/12/2014	9.2944
04/12/2014	9.0022
05/12/2014	9.0484
08/12/2014	9.3677
09/12/2014	9.4449
10/12/2014	9.4589
11/12/2014	9.4493
12/12/2014	9.3893
15/12/2014	9.1908
16/12/2014	9.2664
17/12/2014	9.3839
18/12/2014	9.6249
19/12/2014	9.3605
22/12/2014	9.4907
23/12/2014	9.5837
24/12/2014	9.5778
29/12/2014	9.6304
30/12/2014	9.6247
31/12/2014	9.5686
02/01/2015	9.6711
05/01/2015	9.7362
06/01/2015	9.6437
07/01/2015	9.9296
08/01/2015	9.7207
09/01/2015	9.3491
12/01/2015	9.3444
13/01/2015	9.3616
14/01/2015	9.5545
15/01/2015	11.2713
16/01/2015	12.0454
20/01/2015	10.9411
21/01/2015	10.833
22/01/2015	10.674
23/01/2015	11.3996
26/01/2015	11.3665
27/01/2015	11.2479
28/01/2015	11.1778
29/01/2015	11.3479
30/01/2015	11.5199
02/02/2015	11.4737
03/02/2015	11.129
04/02/2015	11.0148
05/02/2015	10.9313
06/02/2015	10.7603
09/02/2015	11.2568
10/02/2015	11.4009
11/02/2015	11.5733
12/02/2015	11.3622
13/02/2015	10.9123
17/02/2015	10.6485
18/02/2015	10.5053
19/02/2015	10.2764
20/02/2015	10.5998
23/02/2015	10.1624
24/02/2015	9.9576
25/02/2015	8.8883
26/02/2015	9.1675
27/02/2015	9.2797
02/03/2015	9.427
03/03/2015	9.2711
04/03/2015	9.5206
05/03/2015	9.73
06/03/2015	9.805
09/03/2015	9.9034
10/03/2015	10.5448
11/03/2015	11.1665
12/03/2015	10.9616
13/03/2015	11.1435
16/03/2015	10.9508
17/03/2015	10.8361
18/03/2015	10.8583
19/03/2015	11.0817
20/03/2015	10.7119
23/03/2015	10.9411
24/03/2015	10.6903
25/03/2015	10.3832
26/03/2015	10.664
27/03/2015	10.8382
30/03/2015	11.0829
31/03/2015	11.2636
01/04/2015	11.1808
02/04/2015	11.0131
07/04/2015	10.4344
08/04/2015	10.179
09/04/2015	10.2609
10/04/2015	10.4515
13/04/2015	10.5283
14/04/2015	10.2263
15/04/2015	10.1683
16/04/2015	10.3794
17/04/2015	10.3807
20/04/2015	10.4765
21/04/2015	10.5796
22/04/2015	10.5311
23/04/2015	10.5083
24/04/2015	10.4248
27/04/2015	10.3408
28/04/2015	9.8911
29/04/2015	9.9642
30/04/2015	10.0655
01/05/2015	10.5059
05/05/2015	10.4399
06/05/2015	10.357
07/05/2015	10.4693
08/05/2015	9.9022
11/05/2015	9.8293
12/05/2015	9.6763
13/05/2015	9.1681
14/05/2015	9.2766
15/05/2015	9.2197
18/05/2015	9.305
19/05/2015	9.847
20/05/2015	10.1048
21/05/2015	9.7382
22/05/2015	9.919
26/05/2015	10.5611
27/05/2015	10.5226
28/05/2015	10.5289
29/05/2015	10.1135
01/06/2015	10.3445
02/06/2015	10.1507
03/06/2015	10.2359
04/06/2015	10.2811
05/06/2015	10.3416
08/06/2015	10.3791
09/06/2015	10.4686
10/06/2015	10.5686
11/06/2015	10.5214
12/06/2015	10.4466
15/06/2015	10.6141
16/06/2015	10.4173
17/06/2015	10.1692
18/06/2015	9.7987
19/06/2015	10.0416
22/06/2015	9.7518
23/06/2015	9.8798
24/06/2015	9.697
25/06/2015	9.7735
26/06/2015	9.8593
29/06/2015	10.279
30/06/2015	10.3617
01/07/2015	10.1234
02/07/2015	10.009
03/07/2015	10.182
06/07/2015	10.274
07/07/2015	10.6938
08/07/2015	10.9432
09/07/2015	10.6606
10/07/2015	9.9584
13/07/2015	9.8467
14/07/2015	9.7463
15/07/2015	9.5238
16/07/2015	9.6152
17/07/2015	9.067
20/07/2015	9.1603
21/07/2015	9.0331
22/07/2015	9.1863
23/07/2015	9.3539
24/07/2015	9.4428
27/07/2015	9.5307
28/07/2015	9.4567
29/07/2015	9.238
30/07/2015	9.4353
31/07/2015	9.2916
03/08/2015	9.366
04/08/2015	9.2764
05/08/2015	9.6767
06/08/2015	9.6856
07/08/2015	9.3538
10/08/2015	9.1854
11/08/2015	9.4055
12/08/2015	9.6014
13/08/2015	9.3806
14/08/2015	9.0681
17/08/2015	9.1194
18/08/2015	9.2546
19/08/2015	9.3573
20/08/2015	9.3257
21/08/2015	9.5605
24/08/2015	10.6985
25/08/2015	10.2777
26/08/2015	10.5618
27/08/2015	10.4469
28/08/2015	10.1597
01/09/2015	10.7374
02/09/2015	10.6686
03/09/2015	10.5747
04/09/2015	10.8432
08/09/2015	10.7132
09/09/2015	10.5286
10/09/2015	10.7158
11/09/2015	10.7149
14/09/2015	10.7021
15/09/2015	10.5416
16/09/2015	10.2881
17/09/2015	10.4845
18/09/2015	10.1262
21/09/2015	10.1732
22/09/2015	10.5052
23/09/2015	10.494
24/09/2015	10.5926
25/09/2015	10.5793
28/09/2015	10.4055
29/09/2015	10.4229
30/09/2015	10.2278
01/10/2015	10.0566
02/10/2015	9.7007
05/10/2015	9.6042
06/10/2015	9.4858
07/10/2015	9.2247
08/10/2015	9.2786
09/10/2015	9.1594
13/10/2015	9.1233
14/10/2015	9.1268
15/10/2015	9.3336
16/10/2015	9.2119
19/10/2015	9.2515
20/10/2015	9.125
21/10/2015	9.0672
22/10/2015	9.2849
23/10/2015	9.9649
26/10/2015	9.7963
27/10/2015	9.4729
28/10/2015	9.4205
29/10/2015	9.8233
30/10/2015	9.4841
02/11/2015	9.4875
03/11/2015	9.6705
04/11/2015	10.0501
05/11/2015	10.0123
06/11/2015	10.0176
09/11/2015	9.8927
10/11/2015	9.9698
12/11/2015	10.0219
13/11/2015	9.8803
16/11/2015	9.9778
17/11/2015	10.104
18/11/2015	10.0673
19/11/2015	9.9335
20/11/2015	9.7928
23/11/2015	9.9127
24/11/2015	9.9884
25/11/2015	10.1285
27/11/2015	10.0241
30/11/2015	9.9595
01/12/2015	9.9884
02/12/2015	9.8986
03/12/2015	9.4338
04/12/2015	9.0669
07/12/2015	8.8562
08/12/2015	8.965
09/12/2015	9.1096
10/12/2015	9.2288
11/12/2015	9.3529
14/12/2015	9.5594
15/12/2015	9.3802
16/12/2015	9.2765
17/12/2015	9.1224
18/12/2015	9.2774
21/12/2015	9.2642
22/12/2015	9.2846
23/12/2015	9.3344
24/12/2015	9.3714
29/12/2015	9.2761
30/12/2015	9.2482
31/12/2015	9.304
04/01/2016	9.5531
05/01/2016	9.5972
06/01/2016	9.6457
07/01/2016	9.9316
08/01/2016	9.8718
11/01/2016	9.9501
12/01/2016	9.8017
13/01/2016	9.5404
14/01/2016	9.876
15/01/2016	10.3037
19/01/2016	9.9013
20/01/2016	10.2468
21/01/2016	10.3595
22/01/2016	10.1314
25/01/2016	9.951
26/01/2016	10.0511
27/01/2016	9.9381
28/01/2016	10.0795
29/01/2016	10.137
01/02/2016	9.9713
02/02/2016	9.9851
03/02/2016	10.3842
04/02/2016	10.4514
05/02/2016	10.3264
08/02/2016	11.3493
09/02/2016	11.5642
10/02/2016	11.5739
11/02/2016	12.3909
12/02/2016	11.8554
16/02/2016	11.4378
17/02/2016	11.367
18/02/2016	11.2619
19/02/2016	11.5844
22/02/2016	11.6435
23/02/2016	11.5113
24/02/2016	11.9388
25/02/2016	11.627
26/02/2016	11.4074
29/02/2016	11.5314
01/03/2016	11.1273
02/03/2016	10.9917
03/03/2016	11.0481
04/03/2016	10.796
07/03/2016	10.8669
08/03/2016	10.9436
09/03/2016	10.9456
10/03/2016	10.9218
11/03/2016	10.4457
14/03/2016	10.078
15/03/2016	10.2177
16/03/2016	10.4726
17/03/2016	10.3711
18/03/2016	10.1252
21/03/2016	9.953
22/03/2016	10.1129
23/03/2016	10.9904
24/03/2016	11.2523
29/03/2016	11.2958
30/03/2016	10.8633
31/03/2016	10.9281
01/04/2016	10.9736
04/04/2016	11.0141
05/04/2016	11.5729
06/04/2016	11.7278
07/04/2016	12.2672
08/04/2016	11.9473
11/04/2016	11.8557
12/04/2016	11.7044
13/04/2016	11.6547
14/04/2016	11.6857
15/04/2016	11.7032
18/04/2016	11.5575
19/04/2016	11.1856
20/04/2016	11.0781
21/04/2016	11.0786
22/04/2016	11.2602
25/04/2016	10.9943
26/04/2016	10.6804
27/04/2016	10.8986
28/04/2016	10.6861
29/04/2016	10.9
03/05/2016	11.3504
04/05/2016	11.3879
05/05/2016	11.5388
06/05/2016	11.2761
09/05/2016	11.0378
10/05/2016	11.0235
11/05/2016	11.051
12/05/2016	11.1409
13/05/2016	11.4197
16/05/2016	11.5666
17/05/2016	11.2484
18/05/2016	10.967
19/05/2016	11.1007
20/05/2016	10.7863
23/05/2016	10.6716
24/05/2016	10.4706
25/05/2016	10.1475
26/05/2016	9.9044
27/05/2016	9.7923
31/05/2016	10.235
01/06/2016	10.6853
02/06/2016	10.6798
03/06/2016	10.3597
06/06/2016	10.5901
07/06/2016	10.4554
08/06/2016	10.5797
09/06/2016	11.0304
10/06/2016	11.5798
13/06/2016	12.3545
14/06/2016	12.9397
15/06/2016	12.0884
16/06/2016	12.6548
17/06/2016	11.796
20/06/2016	11.0374
21/06/2016	11.0433
22/06/2016	11.6784
23/06/2016	10.9194
24/06/2016	13.0139
27/06/2016	13.0377
28/06/2016	11.7447
29/06/2016	11.0147
30/06/2016	11.2552
01/07/2016	10.9958
05/07/2016	11.3702
06/07/2016	11.6266
07/07/2016	11.2688
08/07/2016	10.9915
11/07/2016	10.8446
12/07/2016	10.6459
13/07/2016	10.5834
14/07/2016	10.4502
15/07/2016	10.6574
18/07/2016	10.6431
19/07/2016	10.7984
20/07/2016	10.9924
21/07/2016	10.9573
22/07/2016	10.7848
25/07/2016	10.6713
26/07/2016	10.4256
27/07/2016	10.0595
28/07/2016	9.8915
29/07/2016	9.5072
01/08/2016	9.4417
02/08/2016	9.7975
03/08/2016	9.7685
04/08/2016	9.8204
05/08/2016	9.4659
08/08/2016	9.3571
09/08/2016	9.7234
10/08/2016	9.773
11/08/2016	9.7791
12/08/2016	9.7457
15/08/2016	9.7919
16/08/2016	10.0539
17/08/2016	10.1054
18/08/2016	10.0781
19/08/2016	10.0548
22/08/2016	10.122
23/08/2016	10.1054
24/08/2016	10.195
25/08/2016	10.0698
26/08/2016	9.9463
30/08/2016	10.2656
31/08/2016	10.2206
01/09/2016	10.1761
02/09/2016	9.9043
06/09/2016	9.6421
07/09/2016	9.5752
08/09/2016	9.5455
09/09/2016	9.7989
12/09/2016	10.024
13/09/2016	10.0067
14/09/2016	10.1825
15/09/2016	10.1139
16/09/2016	10.0936
19/09/2016	10.0523
20/09/2016	10.1791
21/09/2016	9.9912
22/09/2016	9.7312
23/09/2016	9.7924
26/09/2016	10.0708
27/09/2016	9.9798
28/09/2016	9.9678
29/09/2016	9.853
30/09/2016	9.9887
03/10/2016	9.738
04/10/2016	9.8508
05/10/2016	9.7826
06/10/2016	9.7234
07/10/2016	9.9563
11/10/2016	10.1232
12/10/2016	10.2302
13/10/2016	10.1384
14/10/2016	9.8527
17/10/2016	9.9011
18/10/2016	9.6615
19/10/2016	9.5288
20/10/2016	9.4414
21/10/2016	9.3908
24/10/2016	9.2911
25/10/2016	9.3185
26/10/2016	9.2888
27/10/2016	9.4161
28/10/2016	9.2345
31/10/2016	9.5231
01/11/2016	9.7099
02/11/2016	10.2949
03/11/2016	10.1058
04/11/2016	10.1643
07/11/2016	9.5629
08/11/2016	9.4069
09/11/2016	9.6588
10/11/2016	10.0749
14/11/2016	10.6566
15/11/2016	10.1575
16/11/2016	10.3353
17/11/2016	10.3932
18/11/2016	10.6346
21/11/2016	10.4533
22/11/2016	10.2614
23/11/2016	10.4397
25/11/2016	10.385
28/11/2016	10.4203
29/11/2016	10.4456
30/11/2016	10.7616
01/12/2016	10.7094
02/12/2016	10.5689
05/12/2016	10.3586
06/12/2016	10.2975
07/12/2016	10.1758
08/12/2016	10.2023
09/12/2016	10.4497
12/12/2016	10.5018
13/12/2016	10.1222
14/12/2016	10.1796
15/12/2016	11.1907
16/12/2016	11.159
19/12/2016	11.2663
20/12/2016	11.0565
21/12/2016	10.8597
22/12/2016	10.7356
23/12/2016	10.8885
28/12/2016	11.1659
29/12/2016	11.119
30/12/2016	11.0895
03/01/2017	11.0878
04/01/2017	10.7363
05/01/2017	10.7552
06/01/2017	10.4329
09/01/2017	10.7266
10/01/2017	10.631
11/01/2017	10.8732
12/01/2017	10.7211
13/01/2017	10.5612
17/01/2017	10.3173
18/01/2017	10.1226
19/01/2017	10.3593
20/01/2017	10.2577
23/01/2017	10.1285
24/01/2017	10.0197
25/01/2017	9.9257
26/01/2017	10.015
27/01/2017	10.0584
30/01/2017	10.3682
31/01/2017	10.2897
01/02/2017	10.1188
02/02/2017	10.046
03/02/2017	9.9004
06/02/2017	9.9423
07/02/2017	10.1433
08/02/2017	10.7866
09/02/2017	10.7453
10/02/2017	10.7757
13/02/2017	10.7094
14/02/2017	10.5719
15/02/2017	10.2598
16/02/2017	10.1431
17/02/2017	10.2975
21/02/2017	10.6697
22/02/2017	10.809
23/02/2017	10.7219
24/02/2017	10.4595
27/02/2017	10.3944
28/02/2017	10.1569
01/03/2017	10.1895
02/03/2017	10.222
03/03/2017	9.6795
06/03/2017	9.4018
07/03/2017	9.3022
08/03/2017	9.4447
09/03/2017	9.559
10/03/2017	9.4379
13/03/2017	9.4253
14/03/2017	9.4251
15/03/2017	9.3653
16/03/2017	8.6555
17/03/2017	8.8041
20/03/2017	9.0273
21/03/2017	9.0296
22/03/2017	9.2656
23/03/2017	9.3427
24/03/2017	9.1034
27/03/2017	9.1429
28/03/2017	8.9738
29/03/2017	8.9987
30/03/2017	8.9158
31/03/2017	8.8558
03/04/2017	8.7515
04/04/2017	8.8418
05/04/2017	8.8124
06/04/2017	8.9848
07/04/2017	9.2074
10/04/2017	9.1058
11/04/2017	9.1896
12/04/2017	9.3403
13/04/2017	9.3289
18/04/2017	9.3464
19/04/2017	9.1218
20/04/2017	9.2555
21/04/2017	9.4043
24/04/2017	8.0004
25/04/2017	8.2258
26/04/2017	8.4107
27/04/2017	8.2099
28/04/2017	8.1177
02/05/2017	8.0699
03/05/2017	7.9954
04/05/2017	8.0112
05/05/2017	7.9516
08/05/2017	7.4672
09/05/2017	7.445
10/05/2017	7.4949
11/05/2017	7.4718
12/05/2017	7.2893
15/05/2017	7.3427
16/05/2017	7.4391
17/05/2017	7.7976
18/05/2017	8.0091
19/05/2017	7.8188
22/05/2017	7.7164
23/05/2017	7.7272
24/05/2017	7.7211
25/05/2017	7.4242
26/05/2017	7.5575
30/05/2017	7.5927
31/05/2017	7.6296
01/06/2017	7.5958
02/06/2017	7.4673
05/06/2017	7.4762
06/06/2017	7.4869
07/06/2017	7.6058
08/06/2017	7.4204
09/06/2017	7.1875
12/06/2017	7.1579
13/06/2017	7.1002
14/06/2017	7.3379
15/06/2017	7.2418
16/06/2017	7.1477
19/06/2017	7.0816
20/06/2017	7.0618
21/06/2017	7.3792
22/06/2017	7.3546
23/06/2017	7.2437
26/06/2017	7.1253
27/06/2017	7.2957
28/06/2017	7.5856
29/06/2017	7.7314
30/06/2017	7.5752
03/07/2017	7.5208
05/07/2017	7.6737
06/07/2017	7.6159
07/07/2017	7.5761
10/07/2017	7.391
11/07/2017	7.3956
12/07/2017	7.4889
13/07/2017	7.4451
14/07/2017	7.3747
17/07/2017	7.4544
18/07/2017	7.8825
19/07/2017	7.86
20/07/2017	7.9338
21/07/2017	7.7801
24/07/2017	7.8773
25/07/2017	7.9221
26/07/2017	7.954
27/07/2017	8.0537
28/07/2017	8.1436
31/07/2017	8.1768
01/08/2017	8.1647
02/08/2017	8.2922
03/08/2017	8.43
04/08/2017	8.1992
07/08/2017	8.0565
08/08/2017	8.019
09/08/2017	8.313
10/08/2017	8.4462
11/08/2017	8.5264
14/08/2017	8.2167
15/08/2017	8.2011
16/08/2017	8.1095
17/08/2017	8.1839
18/08/2017	8.2264
21/08/2017	8.2455
22/08/2017	8.1742
23/08/2017	8.2054
24/08/2017	8.1009
25/08/2017	7.952
29/08/2017	8.224
30/08/2017	8.1991
31/08/2017	8.2187
01/09/2017	8.1373
05/09/2017	8.5254
06/09/2017	8.5237
07/09/2017	8.5582
08/09/2017	8.7224
11/09/2017	8.4018
12/09/2017	8.3511
13/09/2017	8.4188
14/09/2017	8.6311
15/09/2017	8.6871
18/09/2017	8.7636
19/09/2017	8.8861
20/09/2017	8.8452
21/09/2017	8.7613
22/09/2017	8.8485
25/09/2017	8.8863
26/09/2017	8.708
27/09/2017	8.5351
28/09/2017	8.5153
29/09/2017	8.2924
02/10/2017	8.1763
03/10/2017	7.9303
04/10/2017	7.8775
05/10/2017	7.8142
06/10/2017	7.8215
10/10/2017	7.8489
11/10/2017	7.9036
12/10/2017	7.8662
13/10/2017	7.7103
16/10/2017	7.6643
17/10/2017	7.5753
18/10/2017	7.5479
19/10/2017	7.6584
20/10/2017	7.6382
23/10/2017	7.639
24/10/2017	7.5324
25/10/2017	7.6078
26/10/2017	7.6012
27/10/2017	7.6033
30/10/2017	7.5072
31/10/2017	7.3392
01/11/2017	7.3543
02/11/2017	7.3409
03/11/2017	7.0964
06/11/2017	7.02
07/11/2017	6.9253
08/11/2017	6.9687
09/11/2017	7.1492
10/11/2017	7.0955
13/11/2017	7.2291
14/11/2017	7.3777
15/11/2017	7.5732
16/11/2017	7.2914
17/11/2017	7.3022
20/11/2017	7.2967
21/11/2017	7.2123
22/11/2017	7.1649
24/11/2017	7.2113
27/11/2017	7.2105
28/11/2017	7.1639
29/11/2017	7.2202
30/11/2017	7.3187
01/12/2017	7.4721
04/12/2017	7.4295
05/12/2017	7.5007
06/12/2017	7.5744
07/12/2017	7.6202
08/12/2017	7.4697
11/12/2017	7.3668
12/12/2017	7.1924
13/12/2017	7.227
14/12/2017	7.0931
15/12/2017	7.0632
18/12/2017	7.0874
19/12/2017	7.0502
20/12/2017	7.1046
21/12/2017	7.1987
22/12/2017	7.0947
27/12/2017	7.134
28/12/2017	7.1851
29/12/2017	7.2981
02/01/2018	7.3266
03/01/2018	7.1593
04/01/2018	6.9803
05/01/2018	6.8696
08/01/2018	6.709
09/01/2018	6.621
10/01/2018	6.8282
11/01/2018	6.884
12/01/2018	7.1259
16/01/2018	7.0262
17/01/2018	7.171
18/01/2018	7.4512
19/01/2018	7.5805
22/01/2018	7.4479
23/01/2018	7.3681
24/01/2018	7.6997
25/01/2018	7.9871
26/01/2018	8.0735
29/01/2018	8.1615
30/01/2018	8.3526
31/01/2018	7.9631
01/02/2018	7.9593
02/02/2018	8.0401
05/02/2018	8.2787
06/02/2018	8.8251
07/02/2018	8.4808
08/02/2018	8.76
09/02/2018	9.0311
12/02/2018	8.7295
13/02/2018	8.5339
14/02/2018	8.4649
15/02/2018	8.6357
16/02/2018	8.6028
20/02/2018	8.5096
21/02/2018	8.2732
22/02/2018	8.2026
23/02/2018	8.0747
26/02/2018	7.8565
27/02/2018	7.7558
28/02/2018	7.8383
01/03/2018	8.0682
02/03/2018	8.2498
05/03/2018	8.0464
06/03/2018	7.9937
07/03/2018	8.082
08/03/2018	7.9185
09/03/2018	7.5638
12/03/2018	7.503
13/03/2018	7.4422
14/03/2018	7.6013
15/03/2018	7.6725
16/03/2018	7.7362
19/03/2018	7.9232
20/03/2018	7.8023
21/03/2018	7.6991
22/03/2018	7.7039
23/03/2018	7.7122
26/03/2018	7.6799
27/03/2018	7.592
28/03/2018	7.7003
29/03/2018	7.6347
03/04/2018	7.5351
04/04/2018	7.4521
05/04/2018	7.3481
06/04/2018	7.2096
09/04/2018	7.1416
10/04/2018	7.1107
11/04/2018	7.0924
12/04/2018	7.1136
13/04/2018	7.0322
16/04/2018	6.9844
17/04/2018	6.9498
18/04/2018	6.9278
19/04/2018	6.9151
20/04/2018	7.1294
23/04/2018	7.2841
24/04/2018	7.2757
25/04/2018	7.4003
26/04/2018	7.3033
27/04/2018	7.1627
30/04/2018	7.101
01/05/2018	7.4061
02/05/2018	7.4057
03/05/2018	7.4036
04/05/2018	7.3313
08/05/2018	7.4785
09/05/2018	7.5099
10/05/2018	7.3842
11/05/2018	7.0715
14/05/2018	7.0087
15/05/2018	7.2
16/05/2018	7.3909
17/05/2018	7.3184
18/05/2018	7.1751
21/05/2018	7.2398
22/05/2018	7.2031
23/05/2018	7.4637
24/05/2018	7.3105
25/05/2018	7.253
29/05/2018	7.8913
30/05/2018	7.8683
31/05/2018	7.7366
01/06/2018	7.3033
04/06/2018	7.1821
05/06/2018	7.2334
06/06/2018	7.3462
07/06/2018	7.4547
08/06/2018	7.6116
11/06/2018	7.4632
12/06/2018	7.3881
13/06/2018	7.3773
14/06/2018	7.3547
15/06/2018	7.4457
18/06/2018	7.5574
19/06/2018	7.8796
20/06/2018	7.6268
21/06/2018	7.7214
22/06/2018	7.5017
25/06/2018	7.5369
26/06/2018	7.5346
27/06/2018	7.5541
28/06/2018	7.754
29/06/2018	7.5091
02/07/2018	7.6398
03/07/2018	7.5735
05/07/2018	7.4377
06/07/2018	7.0922
09/07/2018	6.9966
10/07/2018	7.0621
11/07/2018	7.2177
12/07/2018	7.328
13/07/2018	7.2463
16/07/2018	7.1569
17/07/2018	7.181
18/07/2018	7.2497
19/07/2018	7.455
20/07/2018	7.3875
23/07/2018	7.4212
24/07/2018	7.3678
25/07/2018	7.3049
26/07/2018	7.2927
27/07/2018	7.2606
30/07/2018	7.2252
31/07/2018	7.0666
01/08/2018	7.0837
02/08/2018	7.2497
03/08/2018	7.2637
06/08/2018	7.3994
07/08/2018	7.2901
08/08/2018	7.4432
09/08/2018	7.489
10/08/2018	8.1204
13/08/2018	8.0831
14/08/2018	8.0233
15/08/2018	8.2907
16/08/2018	7.9958
17/08/2018	7.918
20/08/2018	7.7513
21/08/2018	7.6911
22/08/2018	7.7182
23/08/2018	7.8352
24/08/2018	7.6471
28/08/2018	7.4001
29/08/2018	7.5393
30/08/2018	7.6309
31/08/2018	7.7846
04/09/2018	7.884
05/09/2018	7.7871
06/09/2018	7.8015
07/09/2018	7.9063
10/09/2018	7.8575
11/09/2018	7.9195
12/09/2018	7.8298
13/09/2018	7.7213
14/09/2018	7.6419
17/09/2018	7.5793
18/09/2018	7.5531
19/09/2018	7.55
20/09/2018	7.638
21/09/2018	7.7802
24/09/2018	7.8085
25/09/2018	7.7499
26/09/2018	7.5627
27/09/2018	7.5836
28/09/2018	7.6211
01/10/2018	7.5866
02/10/2018	7.6666
03/10/2018	7.6408
04/10/2018	7.7705
05/10/2018	7.68
09/10/2018	7.8326
10/10/2018	7.6943
11/10/2018	7.7962
12/10/2018	7.6632
15/10/2018	7.7035
16/10/2018	7.5146
17/10/2018	7.573
18/10/2018	7.6375
19/10/2018	7.5612
22/10/2018	7.6005
23/10/2018	7.7217
24/10/2018	7.8245
25/10/2018	7.8807
26/10/2018	7.9991
29/10/2018	7.8849
30/10/2018	7.8848
31/10/2018	7.9092
01/11/2018	7.8698
02/11/2018	7.6969
05/11/2018	7.7814
06/11/2018	7.8024
07/11/2018	7.6209
08/11/2018	7.6106
09/11/2018	7.7593
13/11/2018	8.0418
14/11/2018	8.1786
15/11/2018	8.5513
16/11/2018	8.3639
19/11/2018	8.2758
20/11/2018	8.2965
21/11/2018	8.2292
23/11/2018	8.0987
26/11/2018	8.0777
27/11/2018	8.0932
28/11/2018	8.0593
29/11/2018	8.1302
30/11/2018	8.0825
03/12/2018	8.0494
04/12/2018	8.1201
05/12/2018	8.1496
06/12/2018	8.4744
07/12/2018	8.4239
10/12/2018	8.6114
11/12/2018	8.4208
12/12/2018	8.4395
13/12/2018	8.0066
14/12/2018	8.0245
17/12/2018	8.0169
18/12/2018	8.1042
19/12/2018	8.2027
20/12/2018	8.3193
21/12/2018	8.4287
24/12/2018	8.6858
27/12/2018	8.8281
28/12/2018	8.8629
31/12/2018	8.7914
02/01/2019	8.917
03/01/2019	9.1661
04/01/2019	8.8108
07/01/2019	8.5732
08/01/2019	8.3373
09/01/2019	8.3055
10/01/2019	8.3717
11/01/2019	8.2207
14/01/2019	8.3107
15/01/2019	8.2694
16/01/2019	8.1317
17/01/2019	7.9784
18/01/2019	7.8423
22/01/2019	7.7156
23/01/2019	7.6031
24/01/2019	7.5744
25/01/2019	7.4443
28/01/2019	7.5829
29/01/2019	7.6279
30/01/2019	7.4964
31/01/2019	7.5248
01/02/2019	7.3575
04/02/2019	7.3561
05/02/2019	7.4337
06/02/2019	7.4628
07/02/2019	7.6093
08/02/2019	7.564
11/02/2019	7.6214
12/02/2019	7.5585
13/02/2019	7.4185
14/02/2019	7.5667
15/02/2019	7.5921
19/02/2019	7.4965
20/02/2019	7.4243
21/02/2019	7.3842
22/02/2019	7.1323
25/02/2019	7.0662
26/02/2019	6.8346
27/02/2019	6.8117
28/02/2019	6.8033
01/03/2019	6.7368
04/03/2019	6.8026
05/03/2019	6.7723
06/03/2019	6.8851
07/03/2019	7.015
08/03/2019	7.0061
11/03/2019	6.9096
12/03/2019	6.8582
13/03/2019	6.7663
14/03/2019	6.7514
15/03/2019	6.5061
18/03/2019	6.4177
19/03/2019	6.3469
20/03/2019	6.5736
21/03/2019	7.0574
22/03/2019	7.0034
25/03/2019	7.0845
26/03/2019	6.8856
27/03/2019	7.0785
28/03/2019	7.3046
29/03/2019	7.0291
01/04/2019	6.7886
02/04/2019	6.7703
03/04/2019	6.6453
04/04/2019	6.5855
05/04/2019	6.3886
08/04/2019	6.2741
09/04/2019	6.2055
10/04/2019	6.0788
11/04/2019	5.5867
12/04/2019	5.6332
15/04/2019	5.5905
16/04/2019	5.5291
17/04/2019	5.5471
18/04/2019	5.4766
23/04/2019	5.6272
24/04/2019	5.9206
25/04/2019	6.2362
26/04/2019	5.955
29/04/2019	5.9463
30/04/2019	6.0537
01/05/2019	6.0729
02/05/2019	5.9335
03/05/2019	5.988
07/05/2019	6.2445
08/05/2019	6.3559
09/05/2019	6.6105
10/05/2019	6.2259
13/05/2019	6.3959
14/05/2019	6.2925
15/05/2019	6.3806
16/05/2019	6.2873
17/05/2019	6.2831
20/05/2019	6.2427
21/05/2019	6.0351
22/05/2019	6.0798
23/05/2019	6.2431
24/05/2019	6.2843
28/05/2019	6.1282
29/05/2019	6.2313
30/05/2019	6.0874
31/05/2019	6.1757
03/06/2019	6.3341
04/06/2019	6.4595
05/06/2019	6.5178
06/06/2019	6.4626
07/06/2019	6.3121
10/06/2019	6.2508
11/06/2019	6.1624
12/06/2019	6.1588
13/06/2019	6.0969
14/06/2019	6.0271
17/06/2019	5.9917
18/06/2019	6.0493
19/06/2019	6.0809
20/06/2019	6.1556
21/06/2019	6.1353
24/06/2019	6.3621
25/06/2019	6.4618
26/06/2019	6.3726
27/06/2019	6.3241
28/06/2019	6.2797
01/07/2019	5.98
02/07/2019	5.8012
03/07/2019	5.8065
05/07/2019	5.6406
08/07/2019	5.6464
09/07/2019	5.7041
10/07/2019	5.6862
11/07/2019	5.7057
12/07/2019	5.7036
15/07/2019	5.8435
16/07/2019	5.9441
17/07/2019	6.0044
18/07/2019	6.1447
19/07/2019	6.2104
22/07/2019	6.183
23/07/2019	6.2376
24/07/2019	6.3646
25/07/2019	6.4039
26/07/2019	6.3322
29/07/2019	6.5346
30/07/2019	6.5225
31/07/2019	6.5989
01/08/2019	6.9211
02/08/2019	7.3598
05/08/2019	7.8901
06/08/2019	7.5313
07/08/2019	7.9699
08/08/2019	7.7848
09/08/2019	7.986
12/08/2019	8.2764
13/08/2019	8.006
14/08/2019	8.0879
15/08/2019	8.167
16/08/2019	7.9575
19/08/2019	7.7997
20/08/2019	7.7732
21/08/2019	7.6664
22/08/2019	7.7188
23/08/2019	7.8355
27/08/2019	7.7727
28/08/2019	7.8478
29/08/2019	7.9167
30/08/2019	8.042
03/09/2019	8.186
04/09/2019	7.629
05/09/2019	7.3257
06/09/2019	7.041
09/09/2019	6.9772
10/09/2019	6.8056
11/09/2019	6.8464
12/09/2019	6.9073
13/09/2019	6.9196
16/09/2019	6.9581
17/09/2019	7.023
18/09/2019	7.0589
19/09/2019	7.0313
20/09/2019	7.0027
23/09/2019	7.1425
24/09/2019	7.0199
25/09/2019	7.0851
26/09/2019	7.118
27/09/2019	7.0505
30/09/2019	7.0927
01/10/2019	7.1344
02/10/2019	7.2425
03/10/2019	7.2566
04/10/2019	6.932
07/10/2019	6.9329
08/10/2019	6.9271
09/10/2019	6.8383
10/10/2019	6.8509
11/10/2019	6.8213
15/10/2019	6.7435
16/10/2019	6.589
17/10/2019	6.545
18/10/2019	6.4267
21/10/2019	6.3424
22/10/2019	6.2902
23/10/2019	6.2883
24/10/2019	6.2594
25/10/2019	6.1521
28/10/2019	6.1232
29/10/2019	6.1116
30/10/2019	6.1994
31/10/2019	6.2697
01/11/2019	6.2558
04/11/2019	6.2822
05/11/2019	6.2288
06/11/2019	6.1892
07/11/2019	6.1293
08/11/2019	6.1436
12/11/2019	6.1524
13/11/2019	6.1949
14/11/2019	6.2639
15/11/2019	6.0875
18/11/2019	6.039
19/11/2019	6.0199
20/11/2019	6.0483
21/11/2019	6.0299
22/11/2019	5.921
25/11/2019	5.8703
26/11/2019	5.7077
27/11/2019	5.5876
29/11/2019	5.6339
02/12/2019	5.7664
03/12/2019	5.9042
04/12/2019	5.8936
05/12/2019	5.8164
06/12/2019	5.8619
09/12/2019	5.8489
10/12/2019	5.8949
11/12/2019	5.9474
12/12/2019	6.025
13/12/2019	5.735
16/12/2019	5.583
17/12/2019	5.7235
18/12/2019	5.659
19/12/2019	5.5425
20/12/2019	5.4287
23/12/2019	5.3757
24/12/2019	5.4011
27/12/2019	5.5538
30/12/2019	5.722
31/12/2019	5.8245
02/01/2020	5.7548
03/01/2020	5.8937
06/01/2020	5.7421
07/01/2020	5.6015
08/01/2020	5.4889
09/01/2020	5.3343
10/01/2020	5.1868
13/01/2020	5.1913
14/01/2020	5.1513
15/01/2020	5.0956
16/01/2020	5.054
17/01/2020	5.0092
21/01/2020	5.0432
22/01/2020	4.9874
23/01/2020	5.0418
24/01/2020	5.0036
27/01/2020	5.2553
28/01/2020	5.1753
29/01/2020	5.0618
30/01/2020	5.172
31/01/2020	5.3824
03/02/2020	5.3432
04/02/2020	5.0707
05/02/2020	4.9972
06/02/2020	5.0008
07/02/2020	5.1207
10/02/2020	5.1393
11/02/2020	5.0276
12/02/2020	4.9399
13/02/2020	5.1862
14/02/2020	5.1886
18/02/2020	5.1209
19/02/2020	5.172
20/02/2020	5.432
21/02/2020	5.4634
24/02/2020	5.8263
25/02/2020	5.8294
26/02/2020	5.9848
27/02/2020	6.4089
28/02/2020	6.9376
02/03/2020	7.2917
03/03/2020	6.7278
04/03/2020	6.3803
05/03/2020	7.0687
06/03/2020	8.169
09/03/2020	10.942
10/03/2020	9.5745
11/03/2020	10.0632
12/03/2020	12.3045
13/03/2020	11.2374
16/03/2020	12.514
17/03/2020	12.1882
18/03/2020	13.9933
19/03/2020	15.2887
20/03/2020	13.714
23/03/2020	14.2052
24/03/2020	11.8603
25/03/2020	10.7033
26/03/2020	11.1241
27/03/2020	11.2868
30/03/2020	11.2033
31/03/2020	10.3431
01/04/2020	10.5332
02/04/2020	10.3444
03/04/2020	10.5514
06/04/2020	9.8588
07/04/2020	9.3875
08/04/2020	9.279
09/04/2020	8.6934
14/04/2020	8.5157
15/04/2020	8.7376
16/04/2020	9.0214
17/04/2020	8.8836
20/04/2020	8.8196
21/04/2020	9.1124
22/04/2020	9.0087
23/04/2020	9.0131
24/04/2020	9.0503
27/04/2020	8.8257
28/04/2020	8.6758
29/04/2020	8.207
30/04/2020	7.6991
01/05/2020	8.1197
04/05/2020	8.428
05/05/2020	8.3138
06/05/2020	8.4284
07/05/2020	8.4536
11/05/2020	8.1999
12/05/2020	7.9815
13/05/2020	8.0436
14/05/2020	8.1924
15/05/2020	8.085
18/05/2020	8.0453
19/05/2020	7.8591
20/05/2020	7.8123
21/05/2020	7.5895
22/05/2020	7.6089
26/05/2020	7.1887
27/05/2020	7.0518
28/05/2020	7.0934
29/05/2020	7.1159
01/06/2020	7.087
02/06/2020	7.0543
03/06/2020	7.1335
04/06/2020	7.1162
05/06/2020	7.0949
08/06/2020	7.1988
09/06/2020	7.497
10/06/2020	7.796
11/06/2020	8.1074
12/06/2020	8.3375
15/06/2020	8.4246
16/06/2020	8.1218
17/06/2020	8.1959
18/06/2020	8.3014
19/06/2020	8.0562
22/06/2020	7.8899
23/06/2020	8.0645
24/06/2020	8.1092
25/06/2020	8.1229
26/06/2020	7.8689
29/06/2020	7.9462
30/06/2020	7.7084
01/07/2020	7.5561
02/07/2020	7.3376
03/07/2020	7.0257
06/07/2020	7.0971
07/07/2020	7.0529
08/07/2020	7.0025
09/07/2020	7.035
10/07/2020	6.9473
13/07/2020	6.9634
14/07/2020	7.0494
15/07/2020	7.0053
16/07/2020	6.8586
17/07/2020	6.8334
20/07/2020	6.7238
21/07/2020	6.7801
22/07/2020	6.9771
23/07/2020	7.0289
24/07/2020	7.2364
27/07/2020	7.8281
28/07/2020	7.7551
29/07/2020	7.8001
30/07/2020	7.754
31/07/2020	7.9042
